date,quantity_sold,product_name,day_of_week,month,is_weekend,season,lag_7,lag_14,rolling_mean_7
2026-04-23,5,BBQ Chicken,3,4,0,1,7.0,1.0,5.0
2026-04-24,7,BBQ Chicken,4,4,0,1,6.0,5.0,4.714285714285714
2026-04-25,17,BBQ Chicken,5,4,1,1,3.0,10.0,4.857142857142857
2026-04-26,13,BBQ Chicken,6,4,1,1,5.0,11.0,6.857142857142857
2026-04-27,6,BBQ Chicken,0,4,0,1,8.0,5.0,8.0
2026-04-28,4,BBQ Chicken,1,4,0,1,1.0,3.0,7.714285714285714
2026-04-29,8,BBQ Chicken,2,4,0,1,5.0,3.0,8.142857142857142
2026-04-30,7,BBQ Chicken,3,4,0,1,5.0,7.0,8.571428571428571
2026-05-01,15,BBQ Chicken,4,5,0,1,7.0,6.0,8.857142857142858
2026-05-02,6,BBQ Chicken,5,5,1,1,17.0,3.0,10.0
2026-05-03,7,BBQ Chicken,6,5,1,1,13.0,5.0,8.428571428571429
2026-05-04,4,BBQ Chicken,0,5,0,1,6.0,8.0,7.571428571428571
2026-05-05,3,BBQ Chicken,1,5,0,1,4.0,1.0,7.285714285714286
2026-05-06,0,BBQ Chicken,2,5,0,1,8.0,5.0,7.142857142857143
2026-05-07,4,BBQ Chicken,3,5,0,1,7.0,5.0,6.0
2026-05-08,6,BBQ Chicken,4,5,0,1,15.0,7.0,5.571428571428571
2026-05-09,9,BBQ Chicken,5,5,1,1,6.0,17.0,4.285714285714286
2026-05-10,6,BBQ Chicken,6,5,1,1,7.0,13.0,4.714285714285714
2026-05-11,1,BBQ Chicken,0,5,0,1,4.0,6.0,4.571428571428571
2026-05-12,1,BBQ Chicken,1,5,0,1,3.0,4.0,4.142857142857143
2026-05-13,1,BBQ Chicken,2,5,0,1,0.0,8.0,3.857142857142857
2026-05-14,6,BBQ Chicken,3,5,0,1,4.0,7.0,4.0
2026-05-15,6,BBQ Chicken,4,5,0,1,6.0,15.0,4.285714285714286
2026-05-16,13,BBQ Chicken,5,5,1,1,9.0,6.0,4.285714285714286
2026-05-17,6,BBQ Chicken,6,5,1,1,6.0,7.0,4.857142857142857
2026-05-18,3,BBQ Chicken,0,5,0,1,1.0,4.0,4.857142857142857
2026-05-19,5,BBQ Chicken,1,5,0,1,1.0,3.0,5.142857142857143
2026-05-20,3,BBQ Chicken,2,5,0,1,1.0,0.0,5.714285714285714
2026-05-21,4,BBQ Chicken,3,5,0,1,6.0,4.0,6.0
2026-05-22,8,BBQ Chicken,4,5,0,1,6.0,6.0,5.714285714285714
2026-05-23,13,BBQ Chicken,5,5,1,1,13.0,9.0,6.0
2026-05-24,8,BBQ Chicken,6,5,1,1,6.0,6.0,6.0
2026-05-25,3,BBQ Chicken,0,5,0,1,3.0,1.0,6.285714285714286
2026-05-26,8,BBQ Chicken,1,5,0,1,5.0,1.0,6.285714285714286
2026-05-27,6,BBQ Chicken,2,5,0,1,3.0,1.0,6.714285714285714
2026-05-28,7,BBQ Chicken,3,5,0,1,4.0,6.0,7.142857142857143
2026-05-29,3,BBQ Chicken,4,5,0,1,8.0,6.0,7.571428571428571
2026-05-30,4,BBQ Chicken,5,5,1,1,13.0,13.0,6.857142857142857
2026-05-31,6,BBQ Chicken,6,5,1,1,8.0,6.0,5.571428571428571
2026-06-01,1,BBQ Chicken,0,6,0,2,3.0,3.0,5.285714285714286
2026-06-02,2,BBQ Chicken,1,6,0,2,8.0,5.0,5.0
2026-06-03,2,BBQ Chicken,2,6,0,2,6.0,3.0,4.142857142857143
2026-06-04,5,BBQ Chicken,3,6,0,2,7.0,4.0,3.5714285714285716
2026-06-05,3,BBQ Chicken,4,6,0,2,3.0,8.0,3.2857142857142856
2026-06-06,9,BBQ Chicken,5,6,1,2,4.0,13.0,3.2857142857142856
2026-06-07,4,BBQ Chicken,6,6,1,2,6.0,8.0,4.0
2026-06-08,3,BBQ Chicken,0,6,0,2,1.0,3.0,3.7142857142857144
2026-06-09,2,BBQ Chicken,1,6,0,2,2.0,8.0,4.0
2026-06-10,6,BBQ Chicken,2,6,0,2,2.0,6.0,4.0
2026-06-11,10,BBQ Chicken,3,6,0,2,5.0,7.0,4.571428571428571
2026-06-12,8,BBQ Chicken,4,6,0,2,3.0,3.0,5.285714285714286
2026-06-13,6,BBQ Chicken,5,6,1,2,9.0,4.0,6.0
2026-06-14,7,BBQ Chicken,6,6,1,2,4.0,6.0,5.571428571428571
2026-06-15,3,BBQ Chicken,0,6,0,2,3.0,1.0,6.0
2026-06-16,3,BBQ Chicken,1,6,0,2,2.0,2.0,6.0
2026-06-17,4,BBQ Chicken,2,6,0,2,6.0,2.0,6.142857142857143
2026-06-18,3,BBQ Chicken,3,6,0,2,10.0,5.0,5.857142857142857
2026-06-19,4,BBQ Chicken,4,6,0,2,8.0,3.0,4.857142857142857
2026-06-20,9,BBQ Chicken,5,6,1,2,6.0,9.0,4.285714285714286
2026-06-21,14,BBQ Chicken,6,6,1,2,7.0,4.0,4.714285714285714
2026-06-22,2,BBQ Chicken,0,6,0,2,3.0,3.0,5.714285714285714
2026-06-23,3,BBQ Chicken,1,6,0,2,3.0,2.0,5.571428571428571
2026-06-24,6,BBQ Chicken,2,6,0,2,4.0,6.0,5.571428571428571
2026-06-25,3,BBQ Chicken,3,6,0,2,3.0,10.0,5.857142857142857
2026-06-26,8,BBQ Chicken,4,6,0,2,4.0,8.0,5.857142857142857
2026-06-27,9,BBQ Chicken,5,6,1,2,9.0,6.0,6.428571428571429
2026-06-28,5,BBQ Chicken,6,6,1,2,14.0,7.0,6.428571428571429
2026-06-29,4,BBQ Chicken,0,6,0,2,2.0,3.0,5.142857142857143
2026-06-30,7,BBQ Chicken,1,6,0,2,3.0,3.0,5.428571428571429
2026-07-01,3,BBQ Chicken,2,7,0,2,6.0,4.0,6.0
2026-07-02,10,BBQ Chicken,3,7,0,2,3.0,3.0,5.571428571428571
2026-07-03,5,BBQ Chicken,4,7,0,2,8.0,4.0,6.571428571428571
2026-07-04,15,BBQ Chicken,5,7,1,2,9.0,9.0,6.142857142857143
2026-07-05,4,BBQ Chicken,6,7,1,2,5.0,14.0,7.0
2026-07-06,4,BBQ Chicken,0,7,0,2,4.0,2.0,6.857142857142857
2026-07-07,1,BBQ Chicken,1,7,0,2,7.0,3.0,6.857142857142857
2026-07-08,3,BBQ Chicken,2,7,0,2,3.0,6.0,6.0
2026-04-23,2,Bottled Water,3,4,0,1,1.0,1.0,2.142857142857143
2026-04-24,3,Bottled Water,4,4,0,1,2.0,1.0,2.2857142857142856
2026-04-25,0,Bottled Water,5,4,1,1,6.0,1.0,2.4285714285714284
2026-04-26,3,Bottled Water,6,4,1,1,2.0,3.0,1.5714285714285714
2026-04-27,1,Bottled Water,0,4,0,1,1.0,1.0,1.7142857142857142
2026-04-28,0,Bottled Water,1,4,0,1,0.0,4.0,1.7142857142857142
2026-04-29,1,Bottled Water,2,4,0,1,3.0,3.0,1.7142857142857142
2026-04-30,4,Bottled Water,3,4,0,1,2.0,1.0,1.4285714285714286
2026-05-01,0,Bottled Water,4,5,0,1,3.0,2.0,1.7142857142857142
2026-05-02,1,Bottled Water,5,5,1,1,0.0,6.0,1.2857142857142858
2026-05-03,0,Bottled Water,6,5,1,1,3.0,2.0,1.4285714285714286
2026-05-04,0,Bottled Water,0,5,0,1,1.0,1.0,1.0
2026-05-05,0,Bottled Water,1,5,0,1,0.0,0.0,0.8571428571428571
2026-05-06,0,Bottled Water,2,5,0,1,1.0,3.0,0.8571428571428571
2026-05-07,3,Bottled Water,3,5,0,1,4.0,2.0,0.7142857142857143
2026-05-08,2,Bottled Water,4,5,0,1,0.0,3.0,0.5714285714285714
2026-05-09,6,Bottled Water,5,5,1,1,1.0,0.0,0.8571428571428571
2026-05-10,3,Bottled Water,6,5,1,1,0.0,3.0,1.5714285714285714
2026-05-11,4,Bottled Water,0,5,0,1,0.0,1.0,2.0
2026-05-12,1,Bottled Water,1,5,0,1,0.0,0.0,2.5714285714285716
2026-05-13,3,Bottled Water,2,5,0,1,0.0,1.0,2.7142857142857144
2026-05-14,0,Bottled Water,3,5,0,1,3.0,4.0,3.142857142857143
2026-05-15,2,Bottled Water,4,5,0,1,2.0,0.0,2.7142857142857144
2026-05-16,0,Bottled Water,5,5,1,1,6.0,1.0,2.7142857142857144
2026-05-17,0,Bottled Water,6,5,1,1,3.0,0.0,1.8571428571428572
2026-05-18,0,Bottled Water,0,5,0,1,4.0,0.0,1.4285714285714286
2026-05-19,1,Bottled Water,1,5,0,1,1.0,0.0,0.8571428571428571
2026-05-20,1,Bottled Water,2,5,0,1,3.0,0.0,0.8571428571428571
2026-05-21,0,Bottled Water,3,5,0,1,0.0,3.0,0.5714285714285714
2026-05-22,0,Bottled Water,4,5,0,1,2.0,2.0,0.5714285714285714
2026-05-23,1,Bottled Water,5,5,1,1,0.0,6.0,0.2857142857142857
2026-05-24,4,Bottled Water,6,5,1,1,0.0,3.0,0.42857142857142855
2026-05-25,1,Bottled Water,0,5,0,1,0.0,4.0,1.0
2026-05-26,0,Bottled Water,1,5,0,1,1.0,1.0,1.1428571428571428
2026-05-27,0,Bottled Water,2,5,0,1,1.0,3.0,1.0
2026-05-28,0,Bottled Water,3,5,0,1,0.0,0.0,0.8571428571428571
2026-05-29,5,Bottled Water,4,5,0,1,0.0,2.0,0.8571428571428571
2026-05-30,3,Bottled Water,5,5,1,1,1.0,0.0,1.5714285714285714
2026-05-31,0,Bottled Water,6,5,1,1,4.0,0.0,1.8571428571428572
2026-06-01,0,Bottled Water,0,6,0,2,1.0,0.0,1.2857142857142858
2026-06-02,4,Bottled Water,1,6,0,2,0.0,1.0,1.1428571428571428
2026-06-03,4,Bottled Water,2,6,0,2,0.0,1.0,1.7142857142857142
2026-06-04,4,Bottled Water,3,6,0,2,0.0,0.0,2.2857142857142856
2026-06-05,1,Bottled Water,4,6,0,2,5.0,0.0,2.857142857142857
2026-06-06,2,Bottled Water,5,6,1,2,3.0,1.0,2.2857142857142856
2026-06-07,0,Bottled Water,6,6,1,2,0.0,4.0,2.142857142857143
2026-06-08,0,Bottled Water,0,6,0,2,0.0,1.0,2.142857142857143
2026-06-09,0,Bottled Water,1,6,0,2,4.0,0.0,2.142857142857143
2026-06-10,0,Bottled Water,2,6,0,2,4.0,0.0,1.5714285714285714
2026-06-11,3,Bottled Water,3,6,0,2,4.0,0.0,1.0
2026-06-12,0,Bottled Water,4,6,0,2,1.0,5.0,0.8571428571428571
2026-06-13,0,Bottled Water,5,6,1,2,2.0,3.0,0.7142857142857143
2026-06-14,1,Bottled Water,6,6,1,2,0.0,0.0,0.42857142857142855
2026-06-15,2,Bottled Water,0,6,0,2,0.0,0.0,0.5714285714285714
2026-06-16,0,Bottled Water,1,6,0,2,0.0,4.0,0.8571428571428571
2026-06-17,0,Bottled Water,2,6,0,2,0.0,4.0,0.8571428571428571
2026-06-18,2,Bottled Water,3,6,0,2,3.0,4.0,0.8571428571428571
2026-06-19,0,Bottled Water,4,6,0,2,0.0,1.0,0.7142857142857143
2026-06-20,0,Bottled Water,5,6,1,2,0.0,2.0,0.7142857142857143
2026-06-21,1,Bottled Water,6,6,1,2,1.0,0.0,0.7142857142857143
2026-06-22,0,Bottled Water,0,6,0,2,2.0,0.0,0.7142857142857143
2026-06-23,1,Bottled Water,1,6,0,2,0.0,0.0,0.42857142857142855
2026-06-24,0,Bottled Water,2,6,0,2,0.0,0.0,0.5714285714285714
2026-06-25,3,Bottled Water,3,6,0,2,2.0,3.0,0.5714285714285714
2026-06-26,1,Bottled Water,4,6,0,2,0.0,0.0,0.7142857142857143
2026-06-27,1,Bottled Water,5,6,1,2,0.0,0.0,0.8571428571428571
2026-06-28,0,Bottled Water,6,6,1,2,1.0,1.0,1.0
2026-06-29,0,Bottled Water,0,6,0,2,0.0,2.0,0.8571428571428571
2026-06-30,0,Bottled Water,1,6,0,2,1.0,0.0,0.8571428571428571
2026-07-01,0,Bottled Water,2,7,0,2,0.0,0.0,0.7142857142857143
2026-07-02,2,Bottled Water,3,7,0,2,3.0,2.0,0.7142857142857143
2026-07-03,0,Bottled Water,4,7,0,2,1.0,0.0,0.5714285714285714
2026-07-04,7,Bottled Water,5,7,1,2,1.0,0.0,0.42857142857142855
2026-07-05,2,Bottled Water,6,7,1,2,0.0,1.0,1.2857142857142858
2026-07-06,0,Bottled Water,0,7,0,2,0.0,0.0,1.5714285714285714
2026-07-07,1,Bottled Water,1,7,0,2,0.0,1.0,1.5714285714285714
2026-04-23,1,Caesar Salad,3,4,0,1,0.0,2.0,0.42857142857142855
2026-04-24,0,Caesar Salad,4,4,0,1,0.0,1.0,0.5714285714285714
2026-04-25,1,Caesar Salad,5,4,1,1,3.0,0.0,0.5714285714285714
2026-04-26,0,Caesar Salad,6,4,1,1,0.0,0.0,0.2857142857142857
2026-04-27,1,Caesar Salad,0,4,0,1,0.0,1.0,0.2857142857142857
2026-04-28,1,Caesar Salad,1,4,0,1,0.0,0.0,0.42857142857142855
2026-04-29,0,Caesar Salad,2,4,0,1,0.0,3.0,0.5714285714285714
2026-04-30,2,Caesar Salad,3,4,0,1,1.0,0.0,0.5714285714285714
2026-05-01,5,Caesar Salad,4,5,0,1,0.0,0.0,0.7142857142857143
2026-05-02,3,Caesar Salad,5,5,1,1,1.0,3.0,1.4285714285714286
2026-05-03,0,Caesar Salad,6,5,1,1,0.0,0.0,1.7142857142857142
2026-05-04,0,Caesar Salad,0,5,0,1,1.0,0.0,1.7142857142857142
2026-05-05,0,Caesar Salad,1,5,0,1,1.0,0.0,1.5714285714285714
2026-05-06,1,Caesar Salad,2,5,0,1,0.0,0.0,1.4285714285714286
2026-05-07,0,Caesar Salad,3,5,0,1,2.0,1.0,1.5714285714285714
2026-05-08,0,Caesar Salad,4,5,0,1,5.0,0.0,1.2857142857142858
2026-05-09,1,Caesar Salad,5,5,1,1,3.0,1.0,0.5714285714285714
2026-05-10,4,Caesar Salad,6,5,1,1,0.0,0.0,0.2857142857142857
2026-05-11,0,Caesar Salad,0,5,0,1,0.0,1.0,0.8571428571428571
2026-05-12,0,Caesar Salad,1,5,0,1,0.0,1.0,0.8571428571428571
2026-05-13,2,Caesar Salad,2,5,0,1,1.0,0.0,0.8571428571428571
2026-05-14,0,Caesar Salad,3,5,0,1,0.0,2.0,1.0
2026-05-15,0,Caesar Salad,4,5,0,1,0.0,5.0,1.0
2026-05-16,2,Caesar Salad,5,5,1,1,1.0,3.0,1.0
2026-05-17,1,Caesar Salad,6,5,1,1,4.0,0.0,1.1428571428571428
2026-05-18,1,Caesar Salad,0,5,0,1,0.0,0.0,0.7142857142857143
2026-05-19,1,Caesar Salad,1,5,0,1,0.0,0.0,0.8571428571428571
2026-05-20,0,Caesar Salad,2,5,0,1,2.0,1.0,1.0
2026-05-21,0,Caesar Salad,3,5,0,1,0.0,0.0,0.7142857142857143
2026-05-22,0,Caesar Salad,4,5,0,1,0.0,0.0,0.7142857142857143
2026-05-23,7,Caesar Salad,5,5,1,1,2.0,1.0,0.7142857142857143
2026-05-24,1,Caesar Salad,6,5,1,1,1.0,4.0,1.4285714285714286
2026-05-25,3,Caesar Salad,0,5,0,1,1.0,0.0,1.4285714285714286
2026-05-26,0,Caesar Salad,1,5,0,1,1.0,0.0,1.7142857142857142
2026-05-27,0,Caesar Salad,2,5,0,1,0.0,2.0,1.5714285714285714
2026-05-28,0,Caesar Salad,3,5,0,1,0.0,0.0,1.5714285714285714
2026-05-29,0,Caesar Salad,4,5,0,1,0.0,0.0,1.5714285714285714
2026-05-30,3,Caesar Salad,5,5,1,1,7.0,2.0,1.5714285714285714
2026-05-31,2,Caesar Salad,6,5,1,1,1.0,1.0,1.0
2026-06-01,1,Caesar Salad,0,6,0,2,3.0,1.0,1.1428571428571428
2026-06-02,0,Caesar Salad,1,6,0,2,0.0,1.0,0.8571428571428571
2026-06-03,0,Caesar Salad,2,6,0,2,0.0,0.0,0.8571428571428571
2026-06-04,0,Caesar Salad,3,6,0,2,0.0,0.0,0.8571428571428571
2026-06-05,0,Caesar Salad,4,6,0,2,0.0,0.0,0.8571428571428571
2026-06-06,1,Caesar Salad,5,6,1,2,3.0,7.0,0.8571428571428571
2026-06-07,1,Caesar Salad,6,6,1,2,2.0,1.0,0.5714285714285714
2026-06-08,0,Caesar Salad,0,6,0,2,1.0,3.0,0.42857142857142855
2026-06-09,3,Caesar Salad,1,6,0,2,0.0,0.0,0.2857142857142857
2026-06-10,0,Caesar Salad,2,6,0,2,0.0,0.0,0.7142857142857143
2026-06-11,0,Caesar Salad,3,6,0,2,0.0,0.0,0.7142857142857143
2026-06-12,1,Caesar Salad,4,6,0,2,0.0,0.0,0.7142857142857143
2026-06-13,2,Caesar Salad,5,6,1,2,1.0,3.0,0.8571428571428571
2026-06-14,4,Caesar Salad,6,6,1,2,1.0,2.0,1.0
2026-06-15,2,Caesar Salad,0,6,0,2,0.0,1.0,1.4285714285714286
2026-06-16,0,Caesar Salad,1,6,0,2,3.0,0.0,1.7142857142857142
2026-06-17,2,Caesar Salad,2,6,0,2,0.0,0.0,1.2857142857142858
2026-06-18,4,Caesar Salad,3,6,0,2,0.0,0.0,1.5714285714285714
2026-06-19,7,Caesar Salad,4,6,0,2,1.0,0.0,2.142857142857143
2026-06-20,2,Caesar Salad,5,6,1,2,2.0,1.0,3.0
2026-06-21,0,Caesar Salad,6,6,1,2,4.0,1.0,3.0
2026-06-22,1,Caesar Salad,0,6,0,2,2.0,0.0,2.4285714285714284
2026-06-23,0,Caesar Salad,1,6,0,2,0.0,3.0,2.2857142857142856
2026-06-24,0,Caesar Salad,2,6,0,2,2.0,0.0,2.2857142857142856
2026-06-25,1,Caesar Salad,3,6,0,2,4.0,0.0,2.0
2026-06-26,1,Caesar Salad,4,6,0,2,7.0,1.0,1.5714285714285714
2026-06-27,1,Caesar Salad,5,6,1,2,2.0,2.0,0.7142857142857143
2026-06-28,1,Caesar Salad,6,6,1,2,0.0,4.0,0.5714285714285714
2026-06-29,0,Caesar Salad,0,6,0,2,1.0,2.0,0.7142857142857143
2026-06-30,0,Caesar Salad,1,6,0,2,0.0,0.0,0.5714285714285714
2026-07-01,0,Caesar Salad,2,7,0,2,0.0,2.0,0.5714285714285714
2026-07-02,0,Caesar Salad,3,7,0,2,1.0,4.0,0.5714285714285714
2026-07-03,3,Caesar Salad,4,7,0,2,1.0,7.0,0.42857142857142855
2026-07-04,0,Caesar Salad,5,7,1,2,1.0,2.0,0.7142857142857143
2026-07-05,3,Caesar Salad,6,7,1,2,1.0,0.0,0.5714285714285714
2026-07-06,0,Caesar Salad,0,7,0,2,0.0,1.0,0.8571428571428571
2026-07-07,1,Caesar Salad,1,7,0,2,0.0,0.0,0.8571428571428571
2026-07-08,1,Caesar Salad,2,7,0,2,0.0,0.0,1.0
2026-04-24,2,Cheesy Breadsticks,4,4,0,1,5.0,3.0,2.2857142857142856
2026-04-25,5,Cheesy Breadsticks,5,4,1,1,1.0,0.0,1.8571428571428572
2026-04-26,0,Cheesy Breadsticks,6,4,1,1,4.0,1.0,2.4285714285714284
2026-04-27,1,Cheesy Breadsticks,0,4,0,1,1.0,0.0,1.8571428571428572
2026-04-28,3,Cheesy Breadsticks,1,4,0,1,3.0,3.0,1.8571428571428572
2026-04-29,0,Cheesy Breadsticks,2,4,0,1,2.0,0.0,1.8571428571428572
2026-04-30,0,Cheesy Breadsticks,3,4,0,1,0.0,0.0,1.5714285714285714
2026-05-01,3,Cheesy Breadsticks,4,5,0,1,2.0,5.0,1.5714285714285714
2026-05-02,1,Cheesy Breadsticks,5,5,1,1,5.0,1.0,1.7142857142857142
2026-05-03,0,Cheesy Breadsticks,6,5,1,1,0.0,4.0,1.1428571428571428
2026-05-04,2,Cheesy Breadsticks,0,5,0,1,1.0,1.0,1.1428571428571428
2026-05-05,0,Cheesy Breadsticks,1,5,0,1,3.0,3.0,1.2857142857142858
2026-05-06,6,Cheesy Breadsticks,2,5,0,1,0.0,2.0,0.8571428571428571
2026-05-07,2,Cheesy Breadsticks,3,5,0,1,0.0,0.0,1.7142857142857142
2026-05-08,2,Cheesy Breadsticks,4,5,0,1,3.0,2.0,2.0
2026-05-09,2,Cheesy Breadsticks,5,5,1,1,1.0,5.0,1.8571428571428572
2026-05-10,6,Cheesy Breadsticks,6,5,1,1,0.0,0.0,2.0
2026-05-11,0,Cheesy Breadsticks,0,5,0,1,2.0,1.0,2.857142857142857
2026-05-12,0,Cheesy Breadsticks,1,5,0,1,0.0,3.0,2.5714285714285716
2026-05-13,5,Cheesy Breadsticks,2,5,0,1,6.0,0.0,2.5714285714285716
2026-05-14,1,Cheesy Breadsticks,3,5,0,1,2.0,0.0,2.4285714285714284
2026-05-15,3,Cheesy Breadsticks,4,5,0,1,2.0,3.0,2.2857142857142856
2026-05-16,5,Cheesy Breadsticks,5,5,1,1,2.0,1.0,2.4285714285714284
2026-05-17,3,Cheesy Breadsticks,6,5,1,1,6.0,0.0,2.857142857142857
2026-05-18,0,Cheesy Breadsticks,0,5,0,1,0.0,2.0,2.4285714285714284
2026-05-19,2,Cheesy Breadsticks,1,5,0,1,0.0,0.0,2.4285714285714284
2026-05-20,0,Cheesy Breadsticks,2,5,0,1,5.0,6.0,2.7142857142857144
2026-05-21,2,Cheesy Breadsticks,3,5,0,1,1.0,2.0,2.0
2026-05-22,6,Cheesy Breadsticks,4,5,0,1,3.0,2.0,2.142857142857143
2026-05-23,1,Cheesy Breadsticks,5,5,1,1,5.0,2.0,2.5714285714285716
2026-05-24,4,Cheesy Breadsticks,6,5,1,1,3.0,6.0,2.0
2026-05-25,5,Cheesy Breadsticks,0,5,0,1,0.0,0.0,2.142857142857143
2026-05-26,1,Cheesy Breadsticks,1,5,0,1,2.0,0.0,2.857142857142857
2026-05-27,2,Cheesy Breadsticks,2,5,0,1,0.0,5.0,2.7142857142857144
2026-05-28,2,Cheesy Breadsticks,3,5,0,1,2.0,1.0,3.0
2026-05-29,2,Cheesy Breadsticks,4,5,0,1,6.0,3.0,3.0
2026-05-30,2,Cheesy Breadsticks,5,5,1,1,1.0,5.0,2.4285714285714284
2026-05-31,0,Cheesy Breadsticks,6,5,1,1,4.0,3.0,2.5714285714285716
2026-06-01,0,Cheesy Breadsticks,0,6,0,2,5.0,0.0,2.0
2026-06-02,1,Cheesy Breadsticks,1,6,0,2,1.0,2.0,1.2857142857142858
2026-06-03,1,Cheesy Breadsticks,2,6,0,2,2.0,0.0,1.2857142857142858
2026-06-04,6,Cheesy Breadsticks,3,6,0,2,2.0,2.0,1.1428571428571428
2026-06-05,1,Cheesy Breadsticks,4,6,0,2,2.0,6.0,1.7142857142857142
2026-06-06,2,Cheesy Breadsticks,5,6,1,2,2.0,1.0,1.5714285714285714
2026-06-07,2,Cheesy Breadsticks,6,6,1,2,0.0,4.0,1.5714285714285714
2026-06-08,0,Cheesy Breadsticks,0,6,0,2,0.0,5.0,1.8571428571428572
2026-06-09,1,Cheesy Breadsticks,1,6,0,2,1.0,1.0,1.8571428571428572
2026-06-10,3,Cheesy Breadsticks,2,6,0,2,1.0,2.0,1.8571428571428572
2026-06-11,1,Cheesy Breadsticks,3,6,0,2,6.0,2.0,2.142857142857143
2026-06-12,3,Cheesy Breadsticks,4,6,0,2,1.0,2.0,1.4285714285714286
2026-06-13,7,Cheesy Breadsticks,5,6,1,2,2.0,2.0,1.7142857142857142
2026-06-14,0,Cheesy Breadsticks,6,6,1,2,2.0,0.0,2.4285714285714284
2026-06-15,0,Cheesy Breadsticks,0,6,0,2,0.0,0.0,2.142857142857143
2026-06-16,3,Cheesy Breadsticks,1,6,0,2,1.0,1.0,2.142857142857143
2026-06-17,3,Cheesy Breadsticks,2,6,0,2,3.0,1.0,2.4285714285714284
2026-06-18,2,Cheesy Breadsticks,3,6,0,2,1.0,6.0,2.4285714285714284
2026-06-19,5,Cheesy Breadsticks,4,6,0,2,3.0,1.0,2.5714285714285716
2026-06-20,5,Cheesy Breadsticks,5,6,1,2,7.0,2.0,2.857142857142857
2026-06-21,0,Cheesy Breadsticks,6,6,1,2,0.0,2.0,2.5714285714285716
2026-06-22,2,Cheesy Breadsticks,0,6,0,2,0.0,0.0,2.5714285714285716
2026-06-23,0,Cheesy Breadsticks,1,6,0,2,3.0,1.0,2.857142857142857
2026-06-24,2,Cheesy Breadsticks,2,6,0,2,3.0,3.0,2.4285714285714284
2026-06-25,0,Cheesy Breadsticks,3,6,0,2,2.0,1.0,2.2857142857142856
2026-06-26,2,Cheesy Breadsticks,4,6,0,2,5.0,3.0,2.0
2026-06-27,3,Cheesy Breadsticks,5,6,1,2,5.0,7.0,1.5714285714285714
2026-06-28,0,Cheesy Breadsticks,6,6,1,2,0.0,0.0,1.2857142857142858
2026-06-29,0,Cheesy Breadsticks,0,6,0,2,2.0,0.0,1.2857142857142858
2026-06-30,2,Cheesy Breadsticks,1,6,0,2,0.0,3.0,1.0
2026-07-01,3,Cheesy Breadsticks,2,7,0,2,2.0,3.0,1.2857142857142858
2026-07-02,4,Cheesy Breadsticks,3,7,0,2,0.0,2.0,1.4285714285714286
2026-07-03,6,Cheesy Breadsticks,4,7,0,2,2.0,5.0,2.0
2026-07-04,5,Cheesy Breadsticks,5,7,1,2,3.0,5.0,2.5714285714285716
2026-07-05,4,Cheesy Breadsticks,6,7,1,2,0.0,0.0,2.857142857142857
2026-07-06,3,Cheesy Breadsticks,0,7,0,2,0.0,2.0,3.4285714285714284
2026-07-07,5,Cheesy Breadsticks,1,7,0,2,2.0,0.0,3.857142857142857
2026-07-08,1,Cheesy Breadsticks,2,7,0,2,3.0,2.0,4.285714285714286
2026-04-23,6,Chicken Wings,3,4,0,1,4.0,3.0,6.0
2026-04-24,4,Chicken Wings,4,4,0,1,15.0,4.0,6.285714285714286
2026-04-25,11,Chicken Wings,5,4,1,1,5.0,1.0,4.714285714285714
2026-04-26,1,Chicken Wings,6,4,1,1,4.0,0.0,5.571428571428571
2026-04-27,1,Chicken Wings,0,4,0,1,4.0,7.0,5.142857142857143
2026-04-28,4,Chicken Wings,1,4,0,1,5.0,2.0,4.714285714285714
2026-04-29,7,Chicken Wings,2,4,0,1,5.0,2.0,4.571428571428571
2026-04-30,1,Chicken Wings,3,4,0,1,6.0,4.0,4.857142857142857
2026-05-01,6,Chicken Wings,4,5,0,1,4.0,15.0,4.142857142857143
2026-05-02,5,Chicken Wings,5,5,1,1,11.0,5.0,4.428571428571429
2026-05-03,5,Chicken Wings,6,5,1,1,1.0,4.0,3.5714285714285716
2026-05-04,4,Chicken Wings,0,5,0,1,1.0,4.0,4.142857142857143
2026-05-05,7,Chicken Wings,1,5,0,1,4.0,5.0,4.571428571428571
2026-05-06,10,Chicken Wings,2,5,0,1,7.0,5.0,5.0
2026-05-07,0,Chicken Wings,3,5,0,1,1.0,6.0,5.428571428571429
2026-05-08,2,Chicken Wings,4,5,0,1,6.0,4.0,5.285714285714286
2026-05-09,0,Chicken Wings,5,5,1,1,5.0,11.0,4.714285714285714
2026-05-10,5,Chicken Wings,6,5,1,1,5.0,1.0,4.0
2026-05-11,6,Chicken Wings,0,5,0,1,4.0,1.0,4.0
2026-05-12,2,Chicken Wings,1,5,0,1,7.0,4.0,4.285714285714286
2026-05-13,2,Chicken Wings,2,5,0,1,10.0,7.0,3.5714285714285716
2026-05-14,0,Chicken Wings,3,5,0,1,0.0,1.0,2.4285714285714284
2026-05-15,1,Chicken Wings,4,5,0,1,2.0,6.0,2.4285714285714284
2026-05-16,6,Chicken Wings,5,5,1,1,0.0,5.0,2.2857142857142856
2026-05-17,6,Chicken Wings,6,5,1,1,5.0,5.0,3.142857142857143
2026-05-18,4,Chicken Wings,0,5,0,1,6.0,4.0,3.2857142857142856
2026-05-19,5,Chicken Wings,1,5,0,1,2.0,7.0,3.0
2026-05-20,2,Chicken Wings,2,5,0,1,2.0,10.0,3.4285714285714284
2026-05-21,4,Chicken Wings,3,5,0,1,0.0,0.0,3.4285714285714284
2026-05-22,3,Chicken Wings,4,5,0,1,1.0,2.0,4.0
2026-05-23,7,Chicken Wings,5,5,1,1,6.0,0.0,4.285714285714286
2026-05-24,9,Chicken Wings,6,5,1,1,6.0,5.0,4.428571428571429
2026-05-25,1,Chicken Wings,0,5,0,1,4.0,6.0,4.857142857142857
2026-05-26,8,Chicken Wings,1,5,0,1,5.0,2.0,4.428571428571429
2026-05-27,10,Chicken Wings,2,5,0,1,2.0,2.0,4.857142857142857
2026-05-28,7,Chicken Wings,3,5,0,1,4.0,0.0,6.0
2026-05-29,8,Chicken Wings,4,5,0,1,3.0,1.0,6.428571428571429
2026-05-30,5,Chicken Wings,5,5,1,1,7.0,6.0,7.142857142857143
2026-05-31,2,Chicken Wings,6,5,1,1,9.0,6.0,6.857142857142857
2026-06-01,0,Chicken Wings,0,6,0,2,1.0,4.0,5.857142857142857
2026-06-02,4,Chicken Wings,1,6,0,2,8.0,5.0,5.714285714285714
2026-06-03,3,Chicken Wings,2,6,0,2,10.0,2.0,5.142857142857143
2026-06-04,2,Chicken Wings,3,6,0,2,7.0,4.0,4.142857142857143
2026-06-05,9,Chicken Wings,4,6,0,2,8.0,3.0,3.4285714285714284
2026-06-06,6,Chicken Wings,5,6,1,2,5.0,7.0,3.5714285714285716
2026-06-07,10,Chicken Wings,6,6,1,2,2.0,9.0,3.7142857142857144
2026-06-08,0,Chicken Wings,0,6,0,2,0.0,1.0,4.857142857142857
2026-06-09,4,Chicken Wings,1,6,0,2,4.0,8.0,4.857142857142857
2026-06-10,6,Chicken Wings,2,6,0,2,3.0,10.0,4.857142857142857
2026-06-11,1,Chicken Wings,3,6,0,2,2.0,7.0,5.285714285714286
2026-06-12,9,Chicken Wings,4,6,0,2,9.0,8.0,5.142857142857143
2026-06-13,3,Chicken Wings,5,6,1,2,6.0,5.0,5.142857142857143
2026-06-14,0,Chicken Wings,6,6,1,2,10.0,2.0,4.714285714285714
2026-06-15,4,Chicken Wings,0,6,0,2,0.0,0.0,3.2857142857142856
2026-06-16,0,Chicken Wings,1,6,0,2,4.0,4.0,3.857142857142857
2026-06-17,0,Chicken Wings,2,6,0,2,6.0,3.0,3.2857142857142856
2026-06-18,5,Chicken Wings,3,6,0,2,1.0,2.0,2.4285714285714284
2026-06-19,4,Chicken Wings,4,6,0,2,9.0,9.0,3.0
2026-06-20,1,Chicken Wings,5,6,1,2,3.0,6.0,2.2857142857142856
2026-06-21,7,Chicken Wings,6,6,1,2,0.0,10.0,2.0
2026-06-22,4,Chicken Wings,0,6,0,2,4.0,0.0,3.0
2026-06-23,0,Chicken Wings,1,6,0,2,0.0,4.0,3.0
2026-06-24,1,Chicken Wings,2,6,0,2,0.0,6.0,3.0
2026-06-25,1,Chicken Wings,3,6,0,2,5.0,1.0,3.142857142857143
2026-06-26,5,Chicken Wings,4,6,0,2,4.0,9.0,2.5714285714285716
2026-06-27,4,Chicken Wings,5,6,1,2,1.0,3.0,2.7142857142857144
2026-06-28,3,Chicken Wings,6,6,1,2,7.0,0.0,3.142857142857143
2026-06-29,6,Chicken Wings,0,6,0,2,4.0,4.0,2.5714285714285716
2026-06-30,3,Chicken Wings,1,6,0,2,0.0,0.0,2.857142857142857
2026-07-01,3,Chicken Wings,2,7,0,2,1.0,0.0,3.2857142857142856
2026-07-02,6,Chicken Wings,3,7,0,2,1.0,5.0,3.5714285714285716
2026-07-03,9,Chicken Wings,4,7,0,2,5.0,4.0,4.285714285714286
2026-07-04,11,Chicken Wings,5,7,1,2,4.0,1.0,4.857142857142857
2026-07-05,9,Chicken Wings,6,7,1,2,3.0,7.0,5.857142857142857
2026-07-06,5,Chicken Wings,0,7,0,2,6.0,4.0,6.714285714285714
2026-07-07,2,Chicken Wings,1,7,0,2,3.0,0.0,6.571428571428571
2026-07-08,1,Chicken Wings,2,7,0,2,3.0,1.0,6.428571428571429
2026-04-23,0,Chocolate Lava Cake,3,4,0,1,1.0,2.0,1.7142857142857142
2026-04-24,0,Chocolate Lava Cake,4,4,0,1,1.0,1.0,1.5714285714285714
2026-04-25,2,Chocolate Lava Cake,5,4,1,1,3.0,1.0,1.4285714285714286
2026-04-26,1,Chocolate Lava Cake,6,4,1,1,1.0,3.0,1.2857142857142858
2026-04-27,0,Chocolate Lava Cake,0,4,0,1,1.0,1.0,1.2857142857142858
2026-04-28,0,Chocolate Lava Cake,1,4,0,1,2.0,2.0,1.1428571428571428
2026-04-29,0,Chocolate Lava Cake,2,4,0,1,3.0,0.0,0.8571428571428571
2026-04-30,0,Chocolate Lava Cake,3,4,0,1,0.0,1.0,0.42857142857142855
2026-05-01,1,Chocolate Lava Cake,4,5,0,1,0.0,1.0,0.42857142857142855
2026-05-02,1,Chocolate Lava Cake,5,5,1,1,2.0,3.0,0.5714285714285714
2026-05-03,0,Chocolate Lava Cake,6,5,1,1,1.0,1.0,0.42857142857142855
2026-05-04,0,Chocolate Lava Cake,0,5,0,1,0.0,1.0,0.2857142857142857
2026-05-05,0,Chocolate Lava Cake,1,5,0,1,0.0,2.0,0.2857142857142857
2026-05-06,0,Chocolate Lava Cake,2,5,0,1,0.0,3.0,0.2857142857142857
2026-05-07,2,Chocolate Lava Cake,3,5,0,1,0.0,0.0,0.2857142857142857
2026-05-08,0,Chocolate Lava Cake,4,5,0,1,1.0,0.0,0.5714285714285714
2026-05-09,7,Chocolate Lava Cake,5,5,1,1,1.0,2.0,0.42857142857142855
2026-05-10,4,Chocolate Lava Cake,6,5,1,1,0.0,1.0,1.2857142857142858
2026-05-11,0,Chocolate Lava Cake,0,5,0,1,0.0,0.0,1.8571428571428572
2026-05-12,0,Chocolate Lava Cake,1,5,0,1,0.0,0.0,1.8571428571428572
2026-05-13,2,Chocolate Lava Cake,2,5,0,1,0.0,0.0,1.8571428571428572
2026-05-14,1,Chocolate Lava Cake,3,5,0,1,2.0,0.0,2.142857142857143
2026-05-15,0,Chocolate Lava Cake,4,5,0,1,0.0,1.0,2.0
2026-05-16,0,Chocolate Lava Cake,5,5,1,1,7.0,1.0,2.0
2026-05-17,1,Chocolate Lava Cake,6,5,1,1,4.0,0.0,1.0
2026-05-18,0,Chocolate Lava Cake,0,5,0,1,0.0,0.0,0.5714285714285714
2026-05-19,0,Chocolate Lava Cake,1,5,0,1,0.0,0.0,0.5714285714285714
2026-05-20,1,Chocolate Lava Cake,2,5,0,1,2.0,0.0,0.5714285714285714
2026-05-21,0,Chocolate Lava Cake,3,5,0,1,1.0,2.0,0.42857142857142855
2026-05-22,2,Chocolate Lava Cake,4,5,0,1,0.0,0.0,0.2857142857142857
2026-05-23,4,Chocolate Lava Cake,5,5,1,1,0.0,7.0,0.5714285714285714
2026-05-24,5,Chocolate Lava Cake,6,5,1,1,1.0,4.0,1.1428571428571428
2026-05-25,2,Chocolate Lava Cake,0,5,0,1,0.0,0.0,1.7142857142857142
2026-05-26,4,Chocolate Lava Cake,1,5,0,1,0.0,0.0,2.0
2026-05-27,2,Chocolate Lava Cake,2,5,0,1,1.0,2.0,2.5714285714285716
2026-05-28,1,Chocolate Lava Cake,3,5,0,1,0.0,1.0,2.7142857142857144
2026-05-29,3,Chocolate Lava Cake,4,5,0,1,2.0,0.0,2.857142857142857
2026-05-30,2,Chocolate Lava Cake,5,5,1,1,4.0,0.0,3.0
2026-05-31,0,Chocolate Lava Cake,6,5,1,1,5.0,1.0,2.7142857142857144
2026-06-01,0,Chocolate Lava Cake,0,6,0,2,2.0,0.0,2.0
2026-06-02,0,Chocolate Lava Cake,1,6,0,2,4.0,0.0,1.7142857142857142
2026-06-03,2,Chocolate Lava Cake,2,6,0,2,2.0,1.0,1.1428571428571428
2026-06-04,0,Chocolate Lava Cake,3,6,0,2,1.0,0.0,1.1428571428571428
2026-06-05,2,Chocolate Lava Cake,4,6,0,2,3.0,2.0,1.0
2026-06-06,1,Chocolate Lava Cake,5,6,1,2,2.0,4.0,0.8571428571428571
2026-06-07,0,Chocolate Lava Cake,6,6,1,2,0.0,5.0,0.7142857142857143
2026-06-08,0,Chocolate Lava Cake,0,6,0,2,0.0,2.0,0.7142857142857143
2026-06-09,3,Chocolate Lava Cake,1,6,0,2,0.0,4.0,0.7142857142857143
2026-06-10,0,Chocolate Lava Cake,2,6,0,2,2.0,2.0,1.1428571428571428
2026-06-11,1,Chocolate Lava Cake,3,6,0,2,0.0,1.0,0.8571428571428571
2026-06-12,0,Chocolate Lava Cake,4,6,0,2,2.0,3.0,1.0
2026-06-13,3,Chocolate Lava Cake,5,6,1,2,1.0,2.0,0.7142857142857143
2026-06-14,0,Chocolate Lava Cake,6,6,1,2,0.0,0.0,1.0
2026-06-15,2,Chocolate Lava Cake,0,6,0,2,0.0,0.0,1.0
2026-06-16,1,Chocolate Lava Cake,1,6,0,2,3.0,0.0,1.2857142857142858
2026-06-17,1,Chocolate Lava Cake,2,6,0,2,0.0,2.0,1.0
2026-06-18,0,Chocolate Lava Cake,3,6,0,2,1.0,0.0,1.1428571428571428
2026-06-19,1,Chocolate Lava Cake,4,6,0,2,0.0,2.0,1.0
2026-06-20,0,Chocolate Lava Cake,5,6,1,2,3.0,1.0,1.1428571428571428
2026-06-21,3,Chocolate Lava Cake,6,6,1,2,0.0,0.0,0.7142857142857143
2026-06-22,0,Chocolate Lava Cake,0,6,0,2,2.0,0.0,1.1428571428571428
2026-06-23,1,Chocolate Lava Cake,1,6,0,2,1.0,3.0,0.8571428571428571
2026-06-24,0,Chocolate Lava Cake,2,6,0,2,1.0,0.0,0.8571428571428571
2026-06-25,1,Chocolate Lava Cake,3,6,0,2,0.0,1.0,0.7142857142857143
2026-06-26,0,Chocolate Lava Cake,4,6,0,2,1.0,0.0,0.8571428571428571
2026-06-27,1,Chocolate Lava Cake,5,6,1,2,0.0,3.0,0.7142857142857143
2026-06-28,0,Chocolate Lava Cake,6,6,1,2,3.0,0.0,0.8571428571428571
2026-06-29,1,Chocolate Lava Cake,0,6,0,2,0.0,2.0,0.42857142857142855
2026-06-30,0,Chocolate Lava Cake,1,6,0,2,1.0,1.0,0.5714285714285714
2026-07-01,1,Chocolate Lava Cake,2,7,0,2,0.0,1.0,0.42857142857142855
2026-07-02,1,Chocolate Lava Cake,3,7,0,2,1.0,0.0,0.5714285714285714
2026-07-03,3,Chocolate Lava Cake,4,7,0,2,0.0,1.0,0.5714285714285714
2026-07-04,2,Chocolate Lava Cake,5,7,1,2,1.0,0.0,1.0
2026-07-05,8,Chocolate Lava Cake,6,7,1,2,0.0,3.0,1.1428571428571428
2026-07-06,1,Chocolate Lava Cake,0,7,0,2,1.0,0.0,2.2857142857142856
2026-07-07,6,Chocolate Lava Cake,1,7,0,2,0.0,1.0,2.2857142857142856
2026-07-08,1,Chocolate Lava Cake,2,7,0,2,1.0,0.0,3.142857142857143
2026-04-23,0,Cinnamon Sticks,3,4,0,1,0.0,1.0,1.0
2026-04-24,0,Cinnamon Sticks,4,4,0,1,0.0,0.0,1.0
2026-04-25,0,Cinnamon Sticks,5,4,1,1,2.0,2.0,1.0
2026-04-26,0,Cinnamon Sticks,6,4,1,1,2.0,1.0,0.7142857142857143
2026-04-27,0,Cinnamon Sticks,0,4,0,1,3.0,2.0,0.42857142857142855
2026-04-28,1,Cinnamon Sticks,1,4,0,1,0.0,0.0,0.0
2026-04-29,2,Cinnamon Sticks,2,4,0,1,0.0,1.0,0.14285714285714285
2026-04-30,0,Cinnamon Sticks,3,4,0,1,0.0,0.0,0.42857142857142855
2026-05-01,5,Cinnamon Sticks,4,5,0,1,0.0,0.0,0.42857142857142855
2026-05-02,3,Cinnamon Sticks,5,5,1,1,0.0,2.0,1.1428571428571428
2026-05-03,0,Cinnamon Sticks,6,5,1,1,0.0,2.0,1.5714285714285714
2026-05-04,1,Cinnamon Sticks,0,5,0,1,0.0,3.0,1.5714285714285714
2026-05-05,0,Cinnamon Sticks,1,5,0,1,1.0,0.0,1.7142857142857142
2026-05-06,3,Cinnamon Sticks,2,5,0,1,2.0,0.0,1.5714285714285714
2026-05-07,0,Cinnamon Sticks,3,5,0,1,0.0,0.0,1.7142857142857142
2026-05-08,0,Cinnamon Sticks,4,5,0,1,5.0,0.0,1.7142857142857142
2026-05-09,3,Cinnamon Sticks,5,5,1,1,3.0,0.0,1.0
2026-05-10,3,Cinnamon Sticks,6,5,1,1,0.0,0.0,1.0
2026-05-11,0,Cinnamon Sticks,0,5,0,1,1.0,0.0,1.4285714285714286
2026-05-12,0,Cinnamon Sticks,1,5,0,1,0.0,1.0,1.2857142857142858
2026-05-13,2,Cinnamon Sticks,2,5,0,1,3.0,2.0,1.2857142857142858
2026-05-14,0,Cinnamon Sticks,3,5,0,1,0.0,0.0,1.1428571428571428
2026-05-15,0,Cinnamon Sticks,4,5,0,1,0.0,5.0,1.1428571428571428
2026-05-16,2,Cinnamon Sticks,5,5,1,1,3.0,3.0,1.1428571428571428
2026-05-17,0,Cinnamon Sticks,6,5,1,1,3.0,0.0,1.0
2026-05-18,1,Cinnamon Sticks,0,5,0,1,0.0,1.0,0.5714285714285714
2026-05-19,5,Cinnamon Sticks,1,5,0,1,0.0,0.0,0.7142857142857143
2026-05-20,1,Cinnamon Sticks,2,5,0,1,2.0,3.0,1.4285714285714286
2026-05-21,0,Cinnamon Sticks,3,5,0,1,0.0,0.0,1.2857142857142858
2026-05-22,2,Cinnamon Sticks,4,5,0,1,0.0,0.0,1.2857142857142858
2026-05-23,1,Cinnamon Sticks,5,5,1,1,2.0,3.0,1.5714285714285714
2026-05-24,5,Cinnamon Sticks,6,5,1,1,0.0,3.0,1.4285714285714286
2026-05-25,1,Cinnamon Sticks,0,5,0,1,1.0,0.0,2.142857142857143
2026-05-26,1,Cinnamon Sticks,1,5,0,1,5.0,0.0,2.142857142857143
2026-05-27,0,Cinnamon Sticks,2,5,0,1,1.0,2.0,1.5714285714285714
2026-05-28,1,Cinnamon Sticks,3,5,0,1,0.0,0.0,1.4285714285714286
2026-05-29,1,Cinnamon Sticks,4,5,0,1,2.0,0.0,1.5714285714285714
2026-05-30,1,Cinnamon Sticks,5,5,1,1,1.0,2.0,1.4285714285714286
2026-05-31,1,Cinnamon Sticks,6,5,1,1,5.0,0.0,1.4285714285714286
2026-06-01,1,Cinnamon Sticks,0,6,0,2,1.0,1.0,0.8571428571428571
2026-06-02,1,Cinnamon Sticks,1,6,0,2,1.0,5.0,0.8571428571428571
2026-06-03,1,Cinnamon Sticks,2,6,0,2,0.0,1.0,0.8571428571428571
2026-06-04,1,Cinnamon Sticks,3,6,0,2,1.0,0.0,1.0
2026-06-05,0,Cinnamon Sticks,4,6,0,2,1.0,2.0,1.0
2026-06-06,0,Cinnamon Sticks,5,6,1,2,1.0,1.0,0.8571428571428571
2026-06-07,0,Cinnamon Sticks,6,6,1,2,1.0,5.0,0.7142857142857143
2026-06-08,1,Cinnamon Sticks,0,6,0,2,1.0,1.0,0.5714285714285714
2026-06-09,1,Cinnamon Sticks,1,6,0,2,1.0,1.0,0.5714285714285714
2026-06-10,1,Cinnamon Sticks,2,6,0,2,1.0,0.0,0.5714285714285714
2026-06-11,3,Cinnamon Sticks,3,6,0,2,1.0,1.0,0.5714285714285714
2026-06-12,0,Cinnamon Sticks,4,6,0,2,0.0,1.0,0.8571428571428571
2026-06-13,1,Cinnamon Sticks,5,6,1,2,0.0,1.0,0.8571428571428571
2026-06-14,0,Cinnamon Sticks,6,6,1,2,0.0,1.0,1.0
2026-06-15,2,Cinnamon Sticks,0,6,0,2,1.0,1.0,1.0
2026-06-16,1,Cinnamon Sticks,1,6,0,2,1.0,1.0,1.1428571428571428
2026-06-17,0,Cinnamon Sticks,2,6,0,2,1.0,1.0,1.1428571428571428
2026-06-18,0,Cinnamon Sticks,3,6,0,2,3.0,1.0,1.0
2026-06-19,2,Cinnamon Sticks,4,6,0,2,0.0,0.0,0.5714285714285714
2026-06-20,6,Cinnamon Sticks,5,6,1,2,1.0,0.0,0.8571428571428571
2026-06-21,2,Cinnamon Sticks,6,6,1,2,0.0,0.0,1.5714285714285714
2026-06-22,0,Cinnamon Sticks,0,6,0,2,2.0,1.0,1.8571428571428572
2026-06-23,0,Cinnamon Sticks,1,6,0,2,1.0,1.0,1.5714285714285714
2026-06-24,0,Cinnamon Sticks,2,6,0,2,0.0,1.0,1.4285714285714286
2026-06-25,2,Cinnamon Sticks,3,6,0,2,0.0,3.0,1.4285714285714286
2026-06-26,2,Cinnamon Sticks,4,6,0,2,2.0,0.0,1.7142857142857142
2026-06-27,2,Cinnamon Sticks,5,6,1,2,6.0,1.0,1.7142857142857142
2026-06-28,0,Cinnamon Sticks,6,6,1,2,2.0,0.0,1.1428571428571428
2026-06-29,0,Cinnamon Sticks,0,6,0,2,0.0,2.0,0.8571428571428571
2026-06-30,1,Cinnamon Sticks,1,6,0,2,0.0,1.0,0.8571428571428571
2026-07-01,0,Cinnamon Sticks,2,7,0,2,0.0,0.0,1.0
2026-07-02,0,Cinnamon Sticks,3,7,0,2,2.0,0.0,1.0
2026-07-03,1,Cinnamon Sticks,4,7,0,2,2.0,2.0,0.7142857142857143
2026-07-04,2,Cinnamon Sticks,5,7,1,2,2.0,6.0,0.5714285714285714
2026-04-23,2,Cola,3,4,0,1,1.0,4.0,3.2857142857142856
2026-04-24,3,Cola,4,4,0,1,3.0,6.0,3.4285714285714284
2026-04-25,9,Cola,5,4,1,1,3.0,4.0,3.4285714285714284
2026-04-26,4,Cola,6,4,1,1,3.0,3.0,4.285714285714286
2026-04-27,5,Cola,0,4,0,1,2.0,0.0,4.428571428571429
2026-04-28,1,Cola,1,4,0,1,4.0,0.0,4.857142857142857
2026-04-29,3,Cola,2,4,0,1,7.0,0.0,4.428571428571429
2026-04-30,2,Cola,3,4,0,1,2.0,1.0,3.857142857142857
2026-05-01,11,Cola,4,5,0,1,3.0,3.0,3.857142857142857
2026-05-02,4,Cola,5,5,1,1,9.0,3.0,5.0
2026-05-03,6,Cola,6,5,1,1,4.0,3.0,4.285714285714286
2026-05-04,3,Cola,0,5,0,1,5.0,2.0,4.571428571428571
2026-05-05,1,Cola,1,5,0,1,1.0,4.0,4.285714285714286
2026-05-06,6,Cola,2,5,0,1,3.0,7.0,4.285714285714286
2026-05-07,4,Cola,3,5,0,1,2.0,2.0,4.714285714285714
2026-05-08,5,Cola,4,5,0,1,11.0,3.0,5.0
2026-05-09,3,Cola,5,5,1,1,4.0,9.0,4.142857142857143
2026-05-10,4,Cola,6,5,1,1,6.0,4.0,4.0
2026-05-11,1,Cola,0,5,0,1,3.0,5.0,3.7142857142857144
2026-05-12,6,Cola,1,5,0,1,1.0,1.0,3.4285714285714284
2026-05-13,2,Cola,2,5,0,1,6.0,3.0,4.142857142857143
2026-05-14,2,Cola,3,5,0,1,4.0,2.0,3.5714285714285716
2026-05-15,5,Cola,4,5,0,1,5.0,11.0,3.2857142857142856
2026-05-16,5,Cola,5,5,1,1,3.0,4.0,3.2857142857142856
2026-05-17,4,Cola,6,5,1,1,4.0,6.0,3.5714285714285716
2026-05-18,5,Cola,0,5,0,1,1.0,3.0,3.5714285714285716
2026-05-19,9,Cola,1,5,0,1,6.0,1.0,4.142857142857143
2026-05-20,9,Cola,2,5,0,1,2.0,6.0,4.571428571428571
2026-05-21,3,Cola,3,5,0,1,2.0,4.0,5.571428571428571
2026-05-22,10,Cola,4,5,0,1,5.0,5.0,5.714285714285714
2026-05-23,6,Cola,5,5,1,1,5.0,3.0,6.428571428571429
2026-05-24,7,Cola,6,5,1,1,4.0,4.0,6.571428571428571
2026-05-25,7,Cola,0,5,0,1,5.0,1.0,7.0
2026-05-26,0,Cola,1,5,0,1,9.0,6.0,7.285714285714286
2026-05-27,6,Cola,2,5,0,1,9.0,2.0,6.0
2026-05-28,4,Cola,3,5,0,1,3.0,2.0,5.571428571428571
2026-05-29,1,Cola,4,5,0,1,10.0,5.0,5.714285714285714
2026-05-30,9,Cola,5,5,1,1,6.0,5.0,4.428571428571429
2026-05-31,7,Cola,6,5,1,1,7.0,4.0,4.857142857142857
2026-06-01,5,Cola,0,6,0,2,7.0,5.0,4.857142857142857
2026-06-02,6,Cola,1,6,0,2,0.0,9.0,4.571428571428571
2026-06-03,4,Cola,2,6,0,2,6.0,9.0,5.428571428571429
2026-06-04,2,Cola,3,6,0,2,4.0,3.0,5.142857142857143
2026-06-05,5,Cola,4,6,0,2,1.0,10.0,4.857142857142857
2026-06-06,6,Cola,5,6,1,2,9.0,6.0,5.428571428571429
2026-06-07,3,Cola,6,6,1,2,7.0,7.0,5.0
2026-06-08,2,Cola,0,6,0,2,5.0,7.0,4.428571428571429
2026-06-09,6,Cola,1,6,0,2,6.0,0.0,4.0
2026-06-10,3,Cola,2,6,0,2,4.0,6.0,4.0
2026-06-11,7,Cola,3,6,0,2,2.0,4.0,3.857142857142857
2026-06-12,3,Cola,4,6,0,2,5.0,1.0,4.571428571428571
2026-06-13,11,Cola,5,6,1,2,6.0,9.0,4.285714285714286
2026-06-14,7,Cola,6,6,1,2,3.0,7.0,5.0
2026-06-15,2,Cola,0,6,0,2,2.0,5.0,5.571428571428571
2026-06-16,2,Cola,1,6,0,2,6.0,6.0,5.571428571428571
2026-06-17,0,Cola,2,6,0,2,3.0,4.0,5.0
2026-06-18,2,Cola,3,6,0,2,7.0,2.0,4.571428571428571
2026-06-19,4,Cola,4,6,0,2,3.0,5.0,3.857142857142857
2026-06-20,9,Cola,5,6,1,2,11.0,6.0,4.0
2026-06-21,16,Cola,6,6,1,2,7.0,3.0,3.7142857142857144
2026-06-22,1,Cola,0,6,0,2,2.0,2.0,5.0
2026-06-23,0,Cola,1,6,0,2,2.0,6.0,4.857142857142857
2026-06-24,2,Cola,2,6,0,2,0.0,3.0,4.571428571428571
2026-06-25,2,Cola,3,6,0,2,2.0,7.0,4.857142857142857
2026-06-26,5,Cola,4,6,0,2,4.0,3.0,4.857142857142857
2026-06-27,4,Cola,5,6,1,2,9.0,11.0,5.0
2026-06-28,1,Cola,6,6,1,2,16.0,7.0,4.285714285714286
2026-06-29,16,Cola,0,6,0,2,1.0,2.0,2.142857142857143
2026-06-30,8,Cola,1,6,0,2,0.0,2.0,4.285714285714286
2026-07-01,1,Cola,2,7,0,2,2.0,0.0,5.428571428571429
2026-07-02,1,Cola,3,7,0,2,2.0,2.0,5.285714285714286
2026-07-03,3,Cola,4,7,0,2,5.0,4.0,5.142857142857143
2026-07-04,14,Cola,5,7,1,2,4.0,9.0,4.857142857142857
2026-07-05,7,Cola,6,7,1,2,1.0,16.0,6.285714285714286
2026-07-06,4,Cola,0,7,0,2,16.0,1.0,7.142857142857143
2026-07-07,3,Cola,1,7,0,2,8.0,0.0,5.428571428571429
2026-07-08,3,Cola,2,7,0,2,1.0,2.0,4.714285714285714
2026-04-23,2,Four Cheese,3,4,0,1,4.0,1.0,4.0
2026-04-24,3,Four Cheese,4,4,0,1,8.0,0.0,3.7142857142857144
2026-04-25,6,Four Cheese,5,4,1,1,1.0,5.0,3.0
2026-04-26,3,Four Cheese,6,4,1,1,9.0,9.0,3.7142857142857144
2026-04-27,2,Four Cheese,0,4,0,1,4.0,4.0,2.857142857142857
2026-04-28,2,Four Cheese,1,4,0,1,0.0,0.0,2.5714285714285716
2026-04-29,3,Four Cheese,2,4,0,1,2.0,1.0,2.857142857142857
2026-04-30,8,Four Cheese,3,4,0,1,2.0,4.0,3.0
2026-05-01,8,Four Cheese,4,5,0,1,3.0,8.0,3.857142857142857
2026-05-02,8,Four Cheese,5,5,1,1,6.0,1.0,4.571428571428571
2026-05-03,0,Four Cheese,6,5,1,1,3.0,9.0,4.857142857142857
2026-05-04,1,Four Cheese,0,5,0,1,2.0,4.0,4.428571428571429
2026-05-05,1,Four Cheese,1,5,0,1,2.0,0.0,4.285714285714286
2026-05-06,5,Four Cheese,2,5,0,1,3.0,2.0,4.142857142857143
2026-05-07,5,Four Cheese,3,5,0,1,8.0,2.0,4.428571428571429
2026-05-08,0,Four Cheese,4,5,0,1,8.0,3.0,4.0
2026-05-09,4,Four Cheese,5,5,1,1,8.0,6.0,2.857142857142857
2026-05-10,10,Four Cheese,6,5,1,1,0.0,3.0,2.2857142857142856
2026-05-11,3,Four Cheese,0,5,0,1,1.0,2.0,3.7142857142857144
2026-05-12,1,Four Cheese,1,5,0,1,1.0,2.0,4.0
2026-05-13,2,Four Cheese,2,5,0,1,5.0,3.0,4.0
2026-05-14,1,Four Cheese,3,5,0,1,5.0,8.0,3.5714285714285716
2026-05-15,5,Four Cheese,4,5,0,1,0.0,8.0,3.0
2026-05-16,0,Four Cheese,5,5,1,1,4.0,8.0,3.7142857142857144
2026-05-17,5,Four Cheese,6,5,1,1,10.0,0.0,3.142857142857143
2026-05-18,0,Four Cheese,0,5,0,1,3.0,1.0,2.4285714285714284
2026-05-19,0,Four Cheese,1,5,0,1,1.0,1.0,2.0
2026-05-20,2,Four Cheese,2,5,0,1,2.0,5.0,1.8571428571428572
2026-05-21,8,Four Cheese,3,5,0,1,1.0,5.0,1.8571428571428572
2026-05-22,8,Four Cheese,4,5,0,1,5.0,0.0,2.857142857142857
2026-05-23,9,Four Cheese,5,5,1,1,0.0,4.0,3.2857142857142856
2026-05-24,11,Four Cheese,6,5,1,1,5.0,10.0,4.571428571428571
2026-05-25,5,Four Cheese,0,5,0,1,0.0,3.0,5.428571428571429
2026-05-26,4,Four Cheese,1,5,0,1,0.0,1.0,6.142857142857143
2026-05-27,7,Four Cheese,2,5,0,1,2.0,2.0,6.714285714285714
2026-05-28,2,Four Cheese,3,5,0,1,8.0,1.0,7.428571428571429
2026-05-29,7,Four Cheese,4,5,0,1,8.0,5.0,6.571428571428571
2026-05-30,6,Four Cheese,5,5,1,1,9.0,0.0,6.428571428571429
2026-05-31,8,Four Cheese,6,5,1,1,11.0,5.0,6.0
2026-06-01,4,Four Cheese,0,6,0,2,5.0,0.0,5.571428571428571
2026-06-02,4,Four Cheese,1,6,0,2,4.0,0.0,5.428571428571429
2026-06-03,5,Four Cheese,2,6,0,2,7.0,2.0,5.428571428571429
2026-06-04,4,Four Cheese,3,6,0,2,2.0,8.0,5.142857142857143
2026-06-05,3,Four Cheese,4,6,0,2,7.0,8.0,5.428571428571429
2026-06-06,3,Four Cheese,5,6,1,2,6.0,9.0,4.857142857142857
2026-06-07,6,Four Cheese,6,6,1,2,8.0,11.0,4.428571428571429
2026-06-08,2,Four Cheese,0,6,0,2,4.0,5.0,4.142857142857143
2026-06-09,4,Four Cheese,1,6,0,2,4.0,4.0,3.857142857142857
2026-06-10,1,Four Cheese,2,6,0,2,5.0,7.0,3.857142857142857
2026-06-11,1,Four Cheese,3,6,0,2,4.0,2.0,3.2857142857142856
2026-06-12,0,Four Cheese,4,6,0,2,3.0,7.0,2.857142857142857
2026-06-13,6,Four Cheese,5,6,1,2,3.0,6.0,2.4285714285714284
2026-06-14,2,Four Cheese,6,6,1,2,6.0,8.0,2.857142857142857
2026-06-15,3,Four Cheese,0,6,0,2,2.0,4.0,2.2857142857142856
2026-06-16,4,Four Cheese,1,6,0,2,4.0,4.0,2.4285714285714284
2026-06-17,0,Four Cheese,2,6,0,2,1.0,5.0,2.4285714285714284
2026-06-18,4,Four Cheese,3,6,0,2,1.0,4.0,2.2857142857142856
2026-06-19,4,Four Cheese,4,6,0,2,0.0,3.0,2.7142857142857144
2026-06-20,3,Four Cheese,5,6,1,2,6.0,3.0,3.2857142857142856
2026-06-21,2,Four Cheese,6,6,1,2,2.0,6.0,2.857142857142857
2026-06-22,2,Four Cheese,0,6,0,2,3.0,2.0,2.857142857142857
2026-06-23,2,Four Cheese,1,6,0,2,4.0,4.0,2.7142857142857144
2026-06-24,2,Four Cheese,2,6,0,2,0.0,1.0,2.4285714285714284
2026-06-25,1,Four Cheese,3,6,0,2,4.0,1.0,2.7142857142857144
2026-06-26,3,Four Cheese,4,6,0,2,4.0,0.0,2.2857142857142856
2026-06-27,3,Four Cheese,5,6,1,2,3.0,6.0,2.142857142857143
2026-06-28,6,Four Cheese,6,6,1,2,2.0,2.0,2.142857142857143
2026-06-29,1,Four Cheese,0,6,0,2,2.0,3.0,2.7142857142857144
2026-06-30,5,Four Cheese,1,6,0,2,2.0,4.0,2.5714285714285716
2026-07-01,10,Four Cheese,2,7,0,2,2.0,0.0,3.0
2026-07-02,8,Four Cheese,3,7,0,2,1.0,4.0,4.142857142857143
2026-07-03,7,Four Cheese,4,7,0,2,3.0,4.0,5.142857142857143
2026-07-04,10,Four Cheese,5,7,1,2,3.0,3.0,5.714285714285714
2026-07-05,3,Four Cheese,6,7,1,2,6.0,2.0,6.714285714285714
2026-07-06,0,Four Cheese,0,7,0,2,1.0,2.0,6.285714285714286
2026-07-07,5,Four Cheese,1,7,0,2,5.0,2.0,6.142857142857143
2026-04-24,1,Garlic Bread,4,4,0,1,4.0,1.0,2.5714285714285716
2026-04-25,2,Garlic Bread,5,4,1,1,1.0,2.0,2.142857142857143
2026-04-26,1,Garlic Bread,6,4,1,1,0.0,1.0,2.2857142857142856
2026-04-27,1,Garlic Bread,0,4,0,1,7.0,5.0,2.4285714285714284
2026-04-28,0,Garlic Bread,1,4,0,1,1.0,3.0,1.5714285714285714
2026-04-29,3,Garlic Bread,2,4,0,1,3.0,4.0,1.4285714285714286
2026-04-30,0,Garlic Bread,3,4,0,1,2.0,1.0,1.4285714285714286
2026-05-01,10,Garlic Bread,4,5,0,1,1.0,4.0,1.1428571428571428
2026-05-02,7,Garlic Bread,5,5,1,1,2.0,1.0,2.4285714285714284
2026-05-03,1,Garlic Bread,6,5,1,1,1.0,0.0,3.142857142857143
2026-05-04,3,Garlic Bread,0,5,0,1,1.0,7.0,3.142857142857143
2026-05-05,4,Garlic Bread,1,5,0,1,0.0,1.0,3.4285714285714284
2026-05-06,2,Garlic Bread,2,5,0,1,3.0,3.0,4.0
2026-05-07,4,Garlic Bread,3,5,0,1,0.0,2.0,3.857142857142857
2026-05-08,4,Garlic Bread,4,5,0,1,10.0,1.0,4.428571428571429
2026-05-09,5,Garlic Bread,5,5,1,1,7.0,2.0,3.5714285714285716
2026-05-10,3,Garlic Bread,6,5,1,1,1.0,1.0,3.2857142857142856
2026-05-11,1,Garlic Bread,0,5,0,1,3.0,1.0,3.5714285714285716
2026-05-12,0,Garlic Bread,1,5,0,1,4.0,0.0,3.2857142857142856
2026-05-13,4,Garlic Bread,2,5,0,1,2.0,3.0,2.7142857142857144
2026-05-14,5,Garlic Bread,3,5,0,1,4.0,0.0,3.0
2026-05-15,0,Garlic Bread,4,5,0,1,4.0,10.0,3.142857142857143
2026-05-16,2,Garlic Bread,5,5,1,1,5.0,7.0,2.5714285714285716
2026-05-17,1,Garlic Bread,6,5,1,1,3.0,1.0,2.142857142857143
2026-05-18,0,Garlic Bread,0,5,0,1,1.0,3.0,1.8571428571428572
2026-05-19,2,Garlic Bread,1,5,0,1,0.0,4.0,1.7142857142857142
2026-05-20,0,Garlic Bread,2,5,0,1,4.0,2.0,2.0
2026-05-21,6,Garlic Bread,3,5,0,1,5.0,4.0,1.4285714285714286
2026-05-22,2,Garlic Bread,4,5,0,1,0.0,4.0,1.5714285714285714
2026-05-23,4,Garlic Bread,5,5,1,1,2.0,5.0,1.8571428571428572
2026-05-24,0,Garlic Bread,6,5,1,1,1.0,3.0,2.142857142857143
2026-05-25,1,Garlic Bread,0,5,0,1,0.0,1.0,2.0
2026-05-26,0,Garlic Bread,1,5,0,1,2.0,0.0,2.142857142857143
2026-05-27,0,Garlic Bread,2,5,0,1,0.0,4.0,1.8571428571428572
2026-05-28,0,Garlic Bread,3,5,0,1,6.0,5.0,1.8571428571428572
2026-05-29,0,Garlic Bread,4,5,0,1,2.0,0.0,1.0
2026-05-30,1,Garlic Bread,5,5,1,1,4.0,2.0,0.7142857142857143
2026-05-31,5,Garlic Bread,6,5,1,1,0.0,1.0,0.2857142857142857
2026-06-01,3,Garlic Bread,0,6,0,2,1.0,0.0,1.0
2026-06-02,0,Garlic Bread,1,6,0,2,0.0,2.0,1.2857142857142858
2026-06-03,1,Garlic Bread,2,6,0,2,0.0,0.0,1.2857142857142858
2026-06-04,2,Garlic Bread,3,6,0,2,0.0,6.0,1.4285714285714286
2026-06-05,3,Garlic Bread,4,6,0,2,0.0,2.0,1.7142857142857142
2026-06-06,5,Garlic Bread,5,6,1,2,1.0,4.0,2.142857142857143
2026-06-07,1,Garlic Bread,6,6,1,2,5.0,0.0,2.7142857142857144
2026-06-08,4,Garlic Bread,0,6,0,2,3.0,1.0,2.142857142857143
2026-06-09,1,Garlic Bread,1,6,0,2,0.0,0.0,2.2857142857142856
2026-06-10,0,Garlic Bread,2,6,0,2,1.0,0.0,2.4285714285714284
2026-06-11,1,Garlic Bread,3,6,0,2,2.0,0.0,2.2857142857142856
2026-06-12,3,Garlic Bread,4,6,0,2,3.0,0.0,2.142857142857143
2026-06-13,2,Garlic Bread,5,6,1,2,5.0,1.0,2.142857142857143
2026-06-14,0,Garlic Bread,6,6,1,2,1.0,5.0,1.7142857142857142
2026-06-15,3,Garlic Bread,0,6,0,2,4.0,3.0,1.5714285714285714
2026-06-16,0,Garlic Bread,1,6,0,2,1.0,0.0,1.4285714285714286
2026-06-17,2,Garlic Bread,2,6,0,2,0.0,1.0,1.2857142857142858
2026-06-18,2,Garlic Bread,3,6,0,2,1.0,2.0,1.5714285714285714
2026-06-19,2,Garlic Bread,4,6,0,2,3.0,3.0,1.7142857142857142
2026-06-20,0,Garlic Bread,5,6,1,2,2.0,5.0,1.5714285714285714
2026-06-21,1,Garlic Bread,6,6,1,2,0.0,1.0,1.2857142857142858
2026-06-22,0,Garlic Bread,0,6,0,2,3.0,4.0,1.4285714285714286
2026-06-23,1,Garlic Bread,1,6,0,2,0.0,1.0,1.0
2026-06-24,0,Garlic Bread,2,6,0,2,2.0,0.0,1.1428571428571428
2026-06-25,1,Garlic Bread,3,6,0,2,2.0,1.0,0.8571428571428571
2026-06-26,1,Garlic Bread,4,6,0,2,2.0,3.0,0.7142857142857143
2026-06-27,0,Garlic Bread,5,6,1,2,0.0,2.0,0.5714285714285714
2026-06-28,5,Garlic Bread,6,6,1,2,1.0,0.0,0.5714285714285714
2026-06-29,0,Garlic Bread,0,6,0,2,0.0,3.0,1.1428571428571428
2026-06-30,1,Garlic Bread,1,6,0,2,1.0,0.0,1.1428571428571428
2026-07-01,3,Garlic Bread,2,7,0,2,0.0,2.0,1.1428571428571428
2026-07-02,2,Garlic Bread,3,7,0,2,1.0,2.0,1.5714285714285714
2026-07-03,8,Garlic Bread,4,7,0,2,1.0,2.0,1.7142857142857142
2026-07-04,5,Garlic Bread,5,7,1,2,0.0,0.0,2.7142857142857144
2026-07-05,2,Garlic Bread,6,7,1,2,5.0,1.0,3.4285714285714284
2026-07-06,5,Garlic Bread,0,7,0,2,0.0,0.0,3.0
2026-07-07,1,Garlic Bread,1,7,0,2,1.0,1.0,3.7142857142857144
2026-04-23,10,Hawaiian,3,4,0,1,14.0,2.0,7.714285714285714
2026-04-24,7,Hawaiian,4,4,0,1,14.0,3.0,7.142857142857143
2026-04-25,14,Hawaiian,5,4,1,1,9.0,4.0,6.142857142857143
2026-04-26,8,Hawaiian,6,4,1,1,7.0,11.0,6.857142857142857
2026-04-27,1,Hawaiian,0,4,0,1,3.0,9.0,7.0
2026-04-28,4,Hawaiian,1,4,0,1,5.0,10.0,6.714285714285714
2026-04-29,2,Hawaiian,2,4,0,1,2.0,6.0,6.571428571428571
2026-04-30,6,Hawaiian,3,4,0,1,10.0,14.0,6.571428571428571
2026-05-01,7,Hawaiian,4,5,0,1,7.0,14.0,6.0
2026-05-02,8,Hawaiian,5,5,1,1,14.0,9.0,6.0
2026-05-03,20,Hawaiian,6,5,1,1,8.0,7.0,5.142857142857143
2026-05-04,7,Hawaiian,0,5,0,1,1.0,3.0,6.857142857142857
2026-05-05,8,Hawaiian,1,5,0,1,4.0,5.0,7.714285714285714
2026-05-06,12,Hawaiian,2,5,0,1,2.0,2.0,8.285714285714286
2026-05-07,1,Hawaiian,3,5,0,1,6.0,10.0,9.714285714285714
2026-05-08,6,Hawaiian,4,5,0,1,7.0,7.0,9.0
2026-05-09,11,Hawaiian,5,5,1,1,8.0,14.0,8.857142857142858
2026-05-10,8,Hawaiian,6,5,1,1,20.0,8.0,9.285714285714286
2026-05-11,6,Hawaiian,0,5,0,1,7.0,1.0,7.571428571428571
2026-05-12,9,Hawaiian,1,5,0,1,8.0,4.0,7.428571428571429
2026-05-13,6,Hawaiian,2,5,0,1,12.0,2.0,7.571428571428571
2026-05-14,3,Hawaiian,3,5,0,1,1.0,6.0,6.714285714285714
2026-05-15,4,Hawaiian,4,5,0,1,6.0,7.0,7.0
2026-05-16,17,Hawaiian,5,5,1,1,11.0,8.0,6.714285714285714
2026-05-17,7,Hawaiian,6,5,1,1,8.0,20.0,7.571428571428571
2026-05-18,9,Hawaiian,0,5,0,1,6.0,7.0,7.428571428571429
2026-05-19,6,Hawaiian,1,5,0,1,9.0,8.0,7.857142857142857
2026-05-20,2,Hawaiian,2,5,0,1,6.0,12.0,7.428571428571429
2026-05-21,6,Hawaiian,3,5,0,1,3.0,1.0,6.857142857142857
2026-05-22,8,Hawaiian,4,5,0,1,4.0,6.0,7.285714285714286
2026-05-23,9,Hawaiian,5,5,1,1,17.0,11.0,7.857142857142857
2026-05-24,8,Hawaiian,6,5,1,1,7.0,8.0,6.714285714285714
2026-05-25,4,Hawaiian,0,5,0,1,9.0,6.0,6.857142857142857
2026-05-26,5,Hawaiian,1,5,0,1,6.0,9.0,6.142857142857143
2026-05-27,2,Hawaiian,2,5,0,1,2.0,6.0,6.0
2026-05-28,2,Hawaiian,3,5,0,1,6.0,3.0,6.0
2026-05-29,14,Hawaiian,4,5,0,1,8.0,4.0,5.428571428571429
2026-05-30,4,Hawaiian,5,5,1,1,9.0,17.0,6.285714285714286
2026-05-31,11,Hawaiian,6,5,1,1,8.0,7.0,5.571428571428571
2026-06-01,8,Hawaiian,0,6,0,2,4.0,9.0,6.0
2026-06-02,1,Hawaiian,1,6,0,2,5.0,6.0,6.571428571428571
2026-06-03,2,Hawaiian,2,6,0,2,2.0,2.0,6.0
2026-06-04,2,Hawaiian,3,6,0,2,2.0,6.0,6.0
2026-06-05,9,Hawaiian,4,6,0,2,14.0,8.0,6.0
2026-06-06,14,Hawaiian,5,6,1,2,4.0,9.0,5.285714285714286
2026-06-07,5,Hawaiian,6,6,1,2,11.0,8.0,6.714285714285714
2026-06-08,3,Hawaiian,0,6,0,2,8.0,4.0,5.857142857142857
2026-06-09,10,Hawaiian,1,6,0,2,1.0,5.0,5.142857142857143
2026-06-10,1,Hawaiian,2,6,0,2,2.0,2.0,6.428571428571429
2026-06-11,17,Hawaiian,3,6,0,2,2.0,2.0,6.285714285714286
2026-06-12,4,Hawaiian,4,6,0,2,9.0,14.0,8.428571428571429
2026-06-13,9,Hawaiian,5,6,1,2,14.0,4.0,7.714285714285714
2026-06-14,3,Hawaiian,6,6,1,2,5.0,11.0,7.0
2026-06-15,3,Hawaiian,0,6,0,2,3.0,8.0,6.714285714285714
2026-06-16,8,Hawaiian,1,6,0,2,10.0,1.0,6.714285714285714
2026-06-17,7,Hawaiian,2,6,0,2,1.0,2.0,6.428571428571429
2026-06-18,1,Hawaiian,3,6,0,2,17.0,2.0,7.285714285714286
2026-06-19,8,Hawaiian,4,6,0,2,4.0,9.0,5.0
2026-06-20,15,Hawaiian,5,6,1,2,9.0,14.0,5.571428571428571
2026-06-21,8,Hawaiian,6,6,1,2,3.0,5.0,6.428571428571429
2026-06-22,8,Hawaiian,0,6,0,2,3.0,3.0,7.142857142857143
2026-06-23,3,Hawaiian,1,6,0,2,8.0,10.0,7.857142857142857
2026-06-24,9,Hawaiian,2,6,0,2,7.0,1.0,7.142857142857143
2026-06-25,3,Hawaiian,3,6,0,2,1.0,17.0,7.428571428571429
2026-06-26,9,Hawaiian,4,6,0,2,8.0,4.0,7.714285714285714
2026-06-27,10,Hawaiian,5,6,1,2,15.0,9.0,7.857142857142857
2026-06-28,10,Hawaiian,6,6,1,2,8.0,3.0,7.142857142857143
2026-06-29,10,Hawaiian,0,6,0,2,8.0,3.0,7.428571428571429
2026-06-30,7,Hawaiian,1,6,0,2,3.0,8.0,7.714285714285714
2026-07-01,12,Hawaiian,2,7,0,2,9.0,7.0,8.285714285714286
2026-07-02,9,Hawaiian,3,7,0,2,3.0,1.0,8.714285714285714
2026-07-03,13,Hawaiian,4,7,0,2,9.0,8.0,9.571428571428571
2026-07-04,32,Hawaiian,5,7,1,2,10.0,15.0,10.142857142857142
2026-07-05,5,Hawaiian,6,7,1,2,10.0,8.0,13.285714285714286
2026-07-06,2,Hawaiian,0,7,0,2,10.0,8.0,12.571428571428571
2026-07-07,4,Hawaiian,1,7,0,2,7.0,3.0,11.428571428571429
2026-07-08,9,Hawaiian,2,7,0,2,12.0,9.0,11.0
2026-04-23,0,Lemonade,3,4,0,1,0.0,2.0,0.8571428571428571
2026-04-24,6,Lemonade,4,4,0,1,1.0,1.0,0.8571428571428571
2026-04-25,0,Lemonade,5,4,1,1,4.0,2.0,1.5714285714285714
2026-04-26,3,Lemonade,6,4,1,1,0.0,0.0,1.0
2026-04-27,4,Lemonade,0,4,0,1,0.0,1.0,1.4285714285714286
2026-04-28,1,Lemonade,1,4,0,1,0.0,0.0,2.0
2026-04-29,0,Lemonade,2,4,0,1,1.0,0.0,2.142857142857143
2026-04-30,0,Lemonade,3,4,0,1,0.0,0.0,2.0
2026-05-01,6,Lemonade,4,5,0,1,6.0,1.0,2.0
2026-05-02,1,Lemonade,5,5,1,1,0.0,4.0,2.0
2026-05-03,4,Lemonade,6,5,1,1,3.0,0.0,2.142857142857143
2026-05-04,0,Lemonade,0,5,0,1,4.0,0.0,2.2857142857142856
2026-05-05,5,Lemonade,1,5,0,1,1.0,0.0,1.7142857142857142
2026-05-06,0,Lemonade,2,5,0,1,0.0,1.0,2.2857142857142856
2026-05-07,3,Lemonade,3,5,0,1,0.0,0.0,2.2857142857142856
2026-05-08,2,Lemonade,4,5,0,1,6.0,6.0,2.7142857142857144
2026-05-09,0,Lemonade,5,5,1,1,1.0,0.0,2.142857142857143
2026-05-10,1,Lemonade,6,5,1,1,4.0,3.0,2.0
2026-05-11,2,Lemonade,0,5,0,1,0.0,4.0,1.5714285714285714
2026-05-12,3,Lemonade,1,5,0,1,5.0,1.0,1.8571428571428572
2026-05-13,0,Lemonade,2,5,0,1,0.0,0.0,1.5714285714285714
2026-05-14,1,Lemonade,3,5,0,1,3.0,0.0,1.5714285714285714
2026-05-15,1,Lemonade,4,5,0,1,2.0,6.0,1.2857142857142858
2026-05-16,0,Lemonade,5,5,1,1,0.0,1.0,1.1428571428571428
2026-05-17,2,Lemonade,6,5,1,1,1.0,4.0,1.1428571428571428
2026-05-18,0,Lemonade,0,5,0,1,2.0,0.0,1.2857142857142858
2026-05-19,0,Lemonade,1,5,0,1,3.0,5.0,1.0
2026-05-20,0,Lemonade,2,5,0,1,0.0,0.0,0.5714285714285714
2026-05-21,0,Lemonade,3,5,0,1,1.0,3.0,0.5714285714285714
2026-05-22,2,Lemonade,4,5,0,1,1.0,2.0,0.42857142857142855
2026-05-23,1,Lemonade,5,5,1,1,0.0,0.0,0.5714285714285714
2026-05-24,4,Lemonade,6,5,1,1,2.0,1.0,0.7142857142857143
2026-05-25,1,Lemonade,0,5,0,1,0.0,2.0,1.0
2026-05-26,0,Lemonade,1,5,0,1,0.0,3.0,1.1428571428571428
2026-05-27,2,Lemonade,2,5,0,1,0.0,0.0,1.1428571428571428
2026-05-28,4,Lemonade,3,5,0,1,0.0,1.0,1.4285714285714286
2026-05-29,4,Lemonade,4,5,0,1,2.0,1.0,2.0
2026-05-30,2,Lemonade,5,5,1,1,1.0,0.0,2.2857142857142856
2026-05-31,2,Lemonade,6,5,1,1,4.0,2.0,2.4285714285714284
2026-06-01,1,Lemonade,0,6,0,2,1.0,0.0,2.142857142857143
2026-06-02,0,Lemonade,1,6,0,2,0.0,0.0,2.142857142857143
2026-06-03,0,Lemonade,2,6,0,2,2.0,0.0,2.142857142857143
2026-06-04,1,Lemonade,3,6,0,2,4.0,0.0,1.8571428571428572
2026-06-05,3,Lemonade,4,6,0,2,4.0,2.0,1.4285714285714286
2026-06-06,2,Lemonade,5,6,1,2,2.0,1.0,1.2857142857142858
2026-06-07,0,Lemonade,6,6,1,2,2.0,4.0,1.2857142857142858
2026-06-08,4,Lemonade,0,6,0,2,1.0,1.0,1.0
2026-06-09,0,Lemonade,1,6,0,2,0.0,0.0,1.4285714285714286
2026-06-10,0,Lemonade,2,6,0,2,0.0,2.0,1.4285714285714286
2026-06-11,0,Lemonade,3,6,0,2,1.0,4.0,1.4285714285714286
2026-06-12,1,Lemonade,4,6,0,2,3.0,4.0,1.2857142857142858
2026-06-13,2,Lemonade,5,6,1,2,2.0,2.0,1.0
2026-06-14,1,Lemonade,6,6,1,2,0.0,2.0,1.0
2026-06-15,0,Lemonade,0,6,0,2,4.0,1.0,1.1428571428571428
2026-06-16,2,Lemonade,1,6,0,2,0.0,0.0,0.5714285714285714
2026-06-17,4,Lemonade,2,6,0,2,0.0,0.0,0.8571428571428571
2026-06-18,4,Lemonade,3,6,0,2,0.0,1.0,1.4285714285714286
2026-06-19,5,Lemonade,4,6,0,2,1.0,3.0,2.0
2026-06-20,2,Lemonade,5,6,1,2,2.0,2.0,2.5714285714285716
2026-06-21,1,Lemonade,6,6,1,2,1.0,0.0,2.5714285714285716
2026-06-22,0,Lemonade,0,6,0,2,0.0,4.0,2.5714285714285716
2026-06-23,1,Lemonade,1,6,0,2,2.0,0.0,2.5714285714285716
2026-06-24,0,Lemonade,2,6,0,2,4.0,0.0,2.4285714285714284
2026-06-25,0,Lemonade,3,6,0,2,4.0,0.0,1.8571428571428572
2026-06-26,3,Lemonade,4,6,0,2,5.0,1.0,1.2857142857142858
2026-06-27,3,Lemonade,5,6,1,2,2.0,2.0,1.0
2026-06-28,1,Lemonade,6,6,1,2,1.0,1.0,1.1428571428571428
2026-06-29,0,Lemonade,0,6,0,2,0.0,0.0,1.1428571428571428
2026-06-30,1,Lemonade,1,6,0,2,1.0,2.0,1.1428571428571428
2026-07-01,0,Lemonade,2,7,0,2,0.0,4.0,1.1428571428571428
2026-07-02,1,Lemonade,3,7,0,2,0.0,4.0,1.1428571428571428
2026-07-03,2,Lemonade,4,7,0,2,3.0,5.0,1.2857142857142858
2026-07-04,6,Lemonade,5,7,1,2,3.0,2.0,1.1428571428571428
2026-07-05,1,Lemonade,6,7,1,2,1.0,1.0,1.5714285714285714
2026-07-06,0,Lemonade,0,7,0,2,0.0,0.0,1.5714285714285714
2026-07-07,2,Lemonade,1,7,0,2,1.0,1.0,1.5714285714285714
2026-04-23,6,Margherita,3,4,0,1,13.0,10.0,9.0
2026-04-24,10,Margherita,4,4,0,1,12.0,7.0,8.0
2026-04-25,14,Margherita,5,4,1,1,16.0,18.0,7.714285714285714
2026-04-26,24,Margherita,6,4,1,1,10.0,16.0,7.428571428571429
2026-04-27,5,Margherita,0,4,0,1,4.0,7.0,9.428571428571429
2026-04-28,4,Margherita,1,4,0,1,5.0,1.0,9.571428571428571
2026-04-29,9,Margherita,2,4,0,1,3.0,6.0,9.428571428571429
2026-04-30,3,Margherita,3,4,0,1,6.0,13.0,10.285714285714286
2026-05-01,11,Margherita,4,5,0,1,10.0,12.0,9.857142857142858
2026-05-02,18,Margherita,5,5,1,1,14.0,16.0,10.0
2026-05-03,6,Margherita,6,5,1,1,24.0,10.0,10.571428571428571
2026-05-04,3,Margherita,0,5,0,1,5.0,4.0,8.0
2026-05-05,13,Margherita,1,5,0,1,4.0,5.0,7.714285714285714
2026-05-06,9,Margherita,2,5,0,1,9.0,3.0,9.0
2026-05-07,2,Margherita,3,5,0,1,3.0,6.0,9.0
2026-05-08,9,Margherita,4,5,0,1,11.0,10.0,8.857142857142858
2026-05-09,17,Margherita,5,5,1,1,18.0,14.0,8.571428571428571
2026-05-10,20,Margherita,6,5,1,1,6.0,24.0,8.428571428571429
2026-05-11,4,Margherita,0,5,0,1,3.0,5.0,10.428571428571429
2026-05-12,8,Margherita,1,5,0,1,13.0,4.0,10.571428571428571
2026-05-13,11,Margherita,2,5,0,1,9.0,9.0,9.857142857142858
2026-05-14,5,Margherita,3,5,0,1,2.0,3.0,10.142857142857142
2026-05-15,13,Margherita,4,5,0,1,9.0,11.0,10.571428571428571
2026-05-16,2,Margherita,5,5,1,1,17.0,18.0,11.142857142857142
2026-05-17,9,Margherita,6,5,1,1,20.0,6.0,9.0
2026-05-18,15,Margherita,0,5,0,1,4.0,3.0,7.428571428571429
2026-05-19,15,Margherita,1,5,0,1,8.0,13.0,9.0
2026-05-20,2,Margherita,2,5,0,1,11.0,9.0,10.0
2026-05-21,9,Margherita,3,5,0,1,5.0,2.0,8.714285714285714
2026-05-22,6,Margherita,4,5,0,1,13.0,9.0,9.285714285714286
2026-05-23,18,Margherita,5,5,1,1,2.0,17.0,8.285714285714286
2026-05-24,14,Margherita,6,5,1,1,9.0,20.0,10.571428571428571
2026-05-25,15,Margherita,0,5,0,1,15.0,4.0,11.285714285714286
2026-05-26,3,Margherita,1,5,0,1,15.0,8.0,11.285714285714286
2026-05-27,4,Margherita,2,5,0,1,2.0,11.0,9.571428571428571
2026-05-28,14,Margherita,3,5,0,1,9.0,5.0,9.857142857142858
2026-05-29,6,Margherita,4,5,0,1,6.0,13.0,10.571428571428571
2026-05-30,25,Margherita,5,5,1,1,18.0,2.0,10.571428571428571
2026-05-31,7,Margherita,6,5,1,1,14.0,9.0,11.571428571428571
2026-06-01,5,Margherita,0,6,0,2,15.0,15.0,10.571428571428571
2026-06-02,11,Margherita,1,6,0,2,3.0,15.0,9.142857142857142
2026-06-03,7,Margherita,2,6,0,2,4.0,2.0,10.285714285714286
2026-06-04,12,Margherita,3,6,0,2,14.0,9.0,10.714285714285714
2026-06-05,10,Margherita,4,6,0,2,6.0,6.0,10.428571428571429
2026-06-06,18,Margherita,5,6,1,2,25.0,18.0,11.0
2026-06-07,13,Margherita,6,6,1,2,7.0,14.0,10.0
2026-06-08,8,Margherita,0,6,0,2,5.0,15.0,10.857142857142858
2026-06-09,2,Margherita,1,6,0,2,11.0,3.0,11.285714285714286
2026-06-10,6,Margherita,2,6,0,2,7.0,4.0,10.0
2026-06-11,6,Margherita,3,6,0,2,12.0,14.0,9.857142857142858
2026-06-12,13,Margherita,4,6,0,2,10.0,6.0,9.0
2026-06-13,20,Margherita,5,6,1,2,18.0,25.0,9.428571428571429
2026-06-14,11,Margherita,6,6,1,2,13.0,7.0,9.714285714285714
2026-06-15,8,Margherita,0,6,0,2,8.0,5.0,9.428571428571429
2026-06-16,7,Margherita,1,6,0,2,2.0,11.0,9.428571428571429
2026-06-17,6,Margherita,2,6,0,2,6.0,7.0,10.142857142857142
2026-06-18,6,Margherita,3,6,0,2,6.0,12.0,10.142857142857142
2026-06-19,11,Margherita,4,6,0,2,13.0,10.0,10.142857142857142
2026-06-20,9,Margherita,5,6,1,2,20.0,18.0,9.857142857142858
2026-06-21,30,Margherita,6,6,1,2,11.0,13.0,8.285714285714286
2026-06-22,5,Margherita,0,6,0,2,8.0,8.0,11.0
2026-06-23,4,Margherita,1,6,0,2,7.0,2.0,10.571428571428571
2026-06-24,12,Margherita,2,6,0,2,6.0,6.0,10.142857142857142
2026-06-25,12,Margherita,3,6,0,2,6.0,6.0,11.0
2026-06-26,14,Margherita,4,6,0,2,11.0,13.0,11.857142857142858
2026-06-27,10,Margherita,5,6,1,2,9.0,20.0,12.285714285714286
2026-06-28,7,Margherita,6,6,1,2,30.0,11.0,12.428571428571429
2026-06-29,4,Margherita,0,6,0,2,5.0,8.0,9.142857142857142
2026-06-30,4,Margherita,1,6,0,2,4.0,7.0,9.0
2026-07-01,9,Margherita,2,7,0,2,12.0,6.0,9.0
2026-07-02,8,Margherita,3,7,0,2,12.0,6.0,8.571428571428571
2026-07-03,20,Margherita,4,7,0,2,14.0,11.0,8.0
2026-07-04,25,Margherita,5,7,1,2,10.0,9.0,8.857142857142858
2026-07-05,11,Margherita,6,7,1,2,7.0,30.0,11.0
2026-07-06,16,Margherita,0,7,0,2,4.0,5.0,11.571428571428571
2026-07-07,5,Margherita,1,7,0,2,4.0,4.0,13.285714285714286
2026-07-08,11,Margherita,2,7,0,2,9.0,12.0,13.428571428571429
2026-04-23,10,Meat Lovers,3,4,0,1,4.0,3.0,5.0
2026-04-24,14,Meat Lovers,4,4,0,1,7.0,17.0,5.857142857142857
2026-04-25,11,Meat Lovers,5,4,1,1,3.0,11.0,6.857142857142857
2026-04-26,13,Meat Lovers,6,4,1,1,4.0,13.0,8.0
2026-04-27,1,Meat Lovers,0,4,0,1,7.0,3.0,9.285714285714286
2026-04-28,3,Meat Lovers,1,4,0,1,5.0,10.0,8.428571428571429
2026-04-29,0,Meat Lovers,2,4,0,1,5.0,6.0,8.142857142857142
2026-04-30,5,Meat Lovers,3,4,0,1,10.0,4.0,7.428571428571429
2026-05-01,14,Meat Lovers,4,5,0,1,14.0,7.0,6.714285714285714
2026-05-02,14,Meat Lovers,5,5,1,1,11.0,3.0,6.714285714285714
2026-05-03,3,Meat Lovers,6,5,1,1,13.0,4.0,7.142857142857143
2026-05-04,2,Meat Lovers,0,5,0,1,1.0,7.0,5.714285714285714
2026-05-05,13,Meat Lovers,1,5,0,1,3.0,5.0,5.857142857142857
2026-05-06,9,Meat Lovers,2,5,0,1,0.0,5.0,7.285714285714286
2026-05-07,11,Meat Lovers,3,5,0,1,5.0,10.0,8.571428571428571
2026-05-08,4,Meat Lovers,4,5,0,1,14.0,14.0,9.428571428571429
2026-05-09,6,Meat Lovers,5,5,1,1,14.0,11.0,8.0
2026-05-10,14,Meat Lovers,6,5,1,1,3.0,13.0,6.857142857142857
2026-05-11,5,Meat Lovers,0,5,0,1,2.0,1.0,8.428571428571429
2026-05-12,3,Meat Lovers,1,5,0,1,13.0,3.0,8.857142857142858
2026-05-13,6,Meat Lovers,2,5,0,1,9.0,0.0,7.428571428571429
2026-05-14,6,Meat Lovers,3,5,0,1,11.0,5.0,7.0
2026-05-15,15,Meat Lovers,4,5,0,1,4.0,14.0,6.285714285714286
2026-05-16,16,Meat Lovers,5,5,1,1,6.0,14.0,7.857142857142857
2026-05-17,8,Meat Lovers,6,5,1,1,14.0,3.0,9.285714285714286
2026-05-18,7,Meat Lovers,0,5,0,1,5.0,2.0,8.428571428571429
2026-05-19,5,Meat Lovers,1,5,0,1,3.0,13.0,8.714285714285714
2026-05-20,5,Meat Lovers,2,5,0,1,6.0,9.0,9.0
2026-05-21,5,Meat Lovers,3,5,0,1,6.0,11.0,8.857142857142858
2026-05-22,5,Meat Lovers,4,5,0,1,15.0,4.0,8.714285714285714
2026-05-23,11,Meat Lovers,5,5,1,1,16.0,6.0,7.285714285714286
2026-05-24,17,Meat Lovers,6,5,1,1,8.0,14.0,6.571428571428571
2026-05-25,7,Meat Lovers,0,5,0,1,7.0,5.0,7.857142857142857
2026-05-26,0,Meat Lovers,1,5,0,1,5.0,3.0,7.857142857142857
2026-05-27,6,Meat Lovers,2,5,0,1,5.0,6.0,7.142857142857143
2026-05-28,7,Meat Lovers,3,5,0,1,5.0,6.0,7.285714285714286
2026-05-29,7,Meat Lovers,4,5,0,1,5.0,15.0,7.571428571428571
2026-05-30,14,Meat Lovers,5,5,1,1,11.0,16.0,7.857142857142857
2026-05-31,5,Meat Lovers,6,5,1,1,17.0,8.0,8.285714285714286
2026-06-01,4,Meat Lovers,0,6,0,2,7.0,7.0,6.571428571428571
2026-06-02,3,Meat Lovers,1,6,0,2,0.0,5.0,6.142857142857143
2026-06-03,13,Meat Lovers,2,6,0,2,6.0,5.0,6.571428571428571
2026-06-04,11,Meat Lovers,3,6,0,2,7.0,5.0,7.571428571428571
2026-06-05,9,Meat Lovers,4,6,0,2,7.0,5.0,8.142857142857142
2026-06-06,4,Meat Lovers,5,6,1,2,14.0,11.0,8.428571428571429
2026-06-07,15,Meat Lovers,6,6,1,2,5.0,17.0,7.0
2026-06-08,6,Meat Lovers,0,6,0,2,4.0,7.0,8.428571428571429
2026-06-09,4,Meat Lovers,1,6,0,2,3.0,0.0,8.714285714285714
2026-06-10,4,Meat Lovers,2,6,0,2,13.0,6.0,8.857142857142858
2026-06-11,5,Meat Lovers,3,6,0,2,11.0,7.0,7.571428571428571
2026-06-12,8,Meat Lovers,4,6,0,2,9.0,7.0,6.714285714285714
2026-06-13,11,Meat Lovers,5,6,1,2,4.0,14.0,6.571428571428571
2026-06-14,7,Meat Lovers,6,6,1,2,15.0,5.0,7.571428571428571
2026-06-15,8,Meat Lovers,0,6,0,2,6.0,4.0,6.428571428571429
2026-06-16,13,Meat Lovers,1,6,0,2,4.0,3.0,6.714285714285714
2026-06-17,4,Meat Lovers,2,6,0,2,4.0,13.0,8.0
2026-06-18,10,Meat Lovers,3,6,0,2,5.0,11.0,8.0
2026-06-19,9,Meat Lovers,4,6,0,2,8.0,9.0,8.714285714285714
2026-06-20,14,Meat Lovers,5,6,1,2,11.0,4.0,8.857142857142858
2026-06-21,0,Meat Lovers,6,6,1,2,7.0,15.0,9.285714285714286
2026-06-22,3,Meat Lovers,0,6,0,2,8.0,6.0,8.285714285714286
2026-06-23,5,Meat Lovers,1,6,0,2,13.0,4.0,7.571428571428571
2026-06-24,1,Meat Lovers,2,6,0,2,4.0,4.0,6.428571428571429
2026-06-25,11,Meat Lovers,3,6,0,2,10.0,5.0,6.0
2026-06-26,9,Meat Lovers,4,6,0,2,9.0,8.0,6.142857142857143
2026-06-27,12,Meat Lovers,5,6,1,2,14.0,11.0,6.142857142857143
2026-06-28,13,Meat Lovers,6,6,1,2,0.0,7.0,5.857142857142857
2026-06-29,7,Meat Lovers,0,6,0,2,3.0,8.0,7.714285714285714
2026-06-30,3,Meat Lovers,1,6,0,2,5.0,13.0,8.285714285714286
2026-07-01,2,Meat Lovers,2,7,0,2,1.0,4.0,8.0
2026-07-02,11,Meat Lovers,3,7,0,2,11.0,10.0,8.142857142857142
2026-07-03,6,Meat Lovers,4,7,0,2,9.0,9.0,8.142857142857142
2026-07-04,12,Meat Lovers,5,7,1,2,12.0,14.0,7.714285714285714
2026-07-05,22,Meat Lovers,6,7,1,2,13.0,0.0,7.714285714285714
2026-07-06,10,Meat Lovers,0,7,0,2,7.0,3.0,9.0
2026-07-07,5,Meat Lovers,1,7,0,2,3.0,5.0,9.428571428571429
2026-07-08,6,Meat Lovers,2,7,0,2,2.0,1.0,9.714285714285714
2026-04-23,2,Mozzarella Sticks,3,4,0,1,5.0,5.0,3.5714285714285716
2026-04-24,1,Mozzarella Sticks,4,4,0,1,2.0,2.0,3.142857142857143
2026-04-25,3,Mozzarella Sticks,5,4,1,1,5.0,2.0,3.0
2026-04-26,1,Mozzarella Sticks,6,4,1,1,5.0,1.0,2.7142857142857144
2026-04-27,0,Mozzarella Sticks,0,4,0,1,5.0,1.0,2.142857142857143
2026-04-28,0,Mozzarella Sticks,1,4,0,1,3.0,2.0,1.4285714285714286
2026-04-29,1,Mozzarella Sticks,2,4,0,1,0.0,6.0,1.0
2026-04-30,1,Mozzarella Sticks,3,4,0,1,2.0,5.0,1.1428571428571428
2026-05-01,0,Mozzarella Sticks,4,5,0,1,1.0,2.0,1.0
2026-05-02,5,Mozzarella Sticks,5,5,1,1,3.0,5.0,0.8571428571428571
2026-05-03,2,Mozzarella Sticks,6,5,1,1,1.0,5.0,1.1428571428571428
2026-05-04,0,Mozzarella Sticks,0,5,0,1,0.0,5.0,1.2857142857142858
2026-05-05,3,Mozzarella Sticks,1,5,0,1,0.0,3.0,1.2857142857142858
2026-05-06,2,Mozzarella Sticks,2,5,0,1,1.0,0.0,1.7142857142857142
2026-05-07,2,Mozzarella Sticks,3,5,0,1,1.0,2.0,1.8571428571428572
2026-05-08,3,Mozzarella Sticks,4,5,0,1,0.0,1.0,2.0
2026-05-09,6,Mozzarella Sticks,5,5,1,1,5.0,3.0,2.4285714285714284
2026-05-10,7,Mozzarella Sticks,6,5,1,1,2.0,1.0,2.5714285714285716
2026-05-11,2,Mozzarella Sticks,0,5,0,1,0.0,0.0,3.2857142857142856
2026-05-12,1,Mozzarella Sticks,1,5,0,1,3.0,0.0,3.5714285714285716
2026-05-13,1,Mozzarella Sticks,2,5,0,1,2.0,1.0,3.2857142857142856
2026-05-14,3,Mozzarella Sticks,3,5,0,1,2.0,1.0,3.142857142857143
2026-05-15,2,Mozzarella Sticks,4,5,0,1,3.0,0.0,3.2857142857142856
2026-05-16,0,Mozzarella Sticks,5,5,1,1,6.0,5.0,3.142857142857143
2026-05-17,4,Mozzarella Sticks,6,5,1,1,7.0,2.0,2.2857142857142856
2026-05-18,3,Mozzarella Sticks,0,5,0,1,2.0,0.0,1.8571428571428572
2026-05-19,1,Mozzarella Sticks,1,5,0,1,1.0,3.0,2.0
2026-05-20,2,Mozzarella Sticks,2,5,0,1,1.0,2.0,2.0
2026-05-21,6,Mozzarella Sticks,3,5,0,1,3.0,2.0,2.142857142857143
2026-05-22,1,Mozzarella Sticks,4,5,0,1,2.0,3.0,2.5714285714285716
2026-05-23,2,Mozzarella Sticks,5,5,1,1,0.0,6.0,2.4285714285714284
2026-05-24,3,Mozzarella Sticks,6,5,1,1,4.0,7.0,2.7142857142857144
2026-05-25,0,Mozzarella Sticks,0,5,0,1,3.0,2.0,2.5714285714285716
2026-05-26,0,Mozzarella Sticks,1,5,0,1,1.0,1.0,2.142857142857143
2026-05-27,0,Mozzarella Sticks,2,5,0,1,2.0,1.0,2.0
2026-05-28,0,Mozzarella Sticks,3,5,0,1,6.0,3.0,1.7142857142857142
2026-05-29,1,Mozzarella Sticks,4,5,0,1,1.0,2.0,0.8571428571428571
2026-05-30,5,Mozzarella Sticks,5,5,1,1,2.0,0.0,0.8571428571428571
2026-05-31,2,Mozzarella Sticks,6,5,1,1,3.0,4.0,1.2857142857142858
2026-06-01,0,Mozzarella Sticks,0,6,0,2,0.0,3.0,1.1428571428571428
2026-06-02,1,Mozzarella Sticks,1,6,0,2,0.0,1.0,1.1428571428571428
2026-06-03,3,Mozzarella Sticks,2,6,0,2,0.0,2.0,1.2857142857142858
2026-06-04,0,Mozzarella Sticks,3,6,0,2,0.0,6.0,1.7142857142857142
2026-06-05,6,Mozzarella Sticks,4,6,0,2,1.0,1.0,1.7142857142857142
2026-06-06,5,Mozzarella Sticks,5,6,1,2,5.0,2.0,2.4285714285714284
2026-06-07,0,Mozzarella Sticks,6,6,1,2,2.0,3.0,2.4285714285714284
2026-06-08,1,Mozzarella Sticks,0,6,0,2,0.0,0.0,2.142857142857143
2026-06-09,9,Mozzarella Sticks,1,6,0,2,1.0,0.0,2.2857142857142856
2026-06-10,3,Mozzarella Sticks,2,6,0,2,3.0,0.0,3.4285714285714284
2026-06-11,0,Mozzarella Sticks,3,6,0,2,0.0,0.0,3.4285714285714284
2026-06-12,5,Mozzarella Sticks,4,6,0,2,6.0,1.0,3.4285714285714284
2026-06-13,3,Mozzarella Sticks,5,6,1,2,5.0,5.0,3.2857142857142856
2026-06-14,1,Mozzarella Sticks,6,6,1,2,0.0,2.0,3.0
2026-06-15,6,Mozzarella Sticks,0,6,0,2,1.0,0.0,3.142857142857143
2026-06-16,0,Mozzarella Sticks,1,6,0,2,9.0,1.0,3.857142857142857
2026-06-17,0,Mozzarella Sticks,2,6,0,2,3.0,3.0,2.5714285714285716
2026-06-18,5,Mozzarella Sticks,3,6,0,2,0.0,0.0,2.142857142857143
2026-06-19,10,Mozzarella Sticks,4,6,0,2,5.0,6.0,2.857142857142857
2026-06-20,6,Mozzarella Sticks,5,6,1,2,3.0,5.0,3.5714285714285716
2026-06-21,0,Mozzarella Sticks,6,6,1,2,1.0,0.0,4.0
2026-06-22,1,Mozzarella Sticks,0,6,0,2,6.0,1.0,3.857142857142857
2026-06-23,1,Mozzarella Sticks,1,6,0,2,0.0,9.0,3.142857142857143
2026-06-24,2,Mozzarella Sticks,2,6,0,2,0.0,3.0,3.2857142857142856
2026-06-25,2,Mozzarella Sticks,3,6,0,2,5.0,0.0,3.5714285714285716
2026-06-26,4,Mozzarella Sticks,4,6,0,2,10.0,5.0,3.142857142857143
2026-06-27,2,Mozzarella Sticks,5,6,1,2,6.0,3.0,2.2857142857142856
2026-06-28,13,Mozzarella Sticks,6,6,1,2,0.0,1.0,1.7142857142857142
2026-06-29,0,Mozzarella Sticks,0,6,0,2,1.0,6.0,3.5714285714285716
2026-06-30,5,Mozzarella Sticks,1,6,0,2,1.0,0.0,3.4285714285714284
2026-07-01,1,Mozzarella Sticks,2,7,0,2,2.0,0.0,4.0
2026-07-02,0,Mozzarella Sticks,3,7,0,2,2.0,5.0,3.857142857142857
2026-07-03,2,Mozzarella Sticks,4,7,0,2,4.0,10.0,3.5714285714285716
2026-07-04,5,Mozzarella Sticks,5,7,1,2,2.0,6.0,3.2857142857142856
2026-07-05,3,Mozzarella Sticks,6,7,1,2,13.0,0.0,3.7142857142857144
2026-07-06,1,Mozzarella Sticks,0,7,0,2,0.0,1.0,2.2857142857142856
2026-07-07,3,Mozzarella Sticks,1,7,0,2,5.0,1.0,2.4285714285714284
2026-04-23,13,Pepperoni,3,4,0,1,9.0,11.0,10.571428571428571
2026-04-24,11,Pepperoni,4,4,0,1,14.0,9.0,11.142857142857142
2026-04-25,13,Pepperoni,5,4,1,1,19.0,19.0,10.714285714285714
2026-04-26,5,Pepperoni,6,4,1,1,9.0,15.0,9.857142857142858
2026-04-27,8,Pepperoni,0,4,0,1,10.0,12.0,9.285714285714286
2026-04-28,16,Pepperoni,1,4,0,1,7.0,9.0,9.0
2026-04-29,6,Pepperoni,2,4,0,1,6.0,12.0,10.285714285714286
2026-04-30,7,Pepperoni,3,4,0,1,13.0,9.0,10.285714285714286
2026-05-01,20,Pepperoni,4,5,0,1,11.0,14.0,9.428571428571429
2026-05-02,6,Pepperoni,5,5,1,1,13.0,19.0,10.714285714285714
2026-05-03,15,Pepperoni,6,5,1,1,5.0,9.0,9.714285714285714
2026-05-04,8,Pepperoni,0,5,0,1,8.0,10.0,11.142857142857142
2026-05-05,13,Pepperoni,1,5,0,1,16.0,7.0,11.142857142857142
2026-05-06,7,Pepperoni,2,5,0,1,6.0,6.0,10.714285714285714
2026-05-07,6,Pepperoni,3,5,0,1,7.0,13.0,10.857142857142858
2026-05-08,21,Pepperoni,4,5,0,1,20.0,11.0,10.714285714285714
2026-05-09,18,Pepperoni,5,5,1,1,6.0,13.0,10.857142857142858
2026-05-10,27,Pepperoni,6,5,1,1,15.0,5.0,12.571428571428571
2026-05-11,4,Pepperoni,0,5,0,1,8.0,8.0,14.285714285714286
2026-05-12,7,Pepperoni,1,5,0,1,13.0,16.0,13.714285714285714
2026-05-13,17,Pepperoni,2,5,0,1,7.0,6.0,12.857142857142858
2026-05-14,12,Pepperoni,3,5,0,1,6.0,7.0,14.285714285714286
2026-05-15,11,Pepperoni,4,5,0,1,21.0,20.0,15.142857142857142
2026-05-16,15,Pepperoni,5,5,1,1,18.0,6.0,13.714285714285714
2026-05-17,15,Pepperoni,6,5,1,1,27.0,15.0,13.285714285714286
2026-05-18,8,Pepperoni,0,5,0,1,4.0,8.0,11.571428571428571
2026-05-19,6,Pepperoni,1,5,0,1,7.0,13.0,12.142857142857142
2026-05-20,7,Pepperoni,2,5,0,1,17.0,7.0,12.0
2026-05-21,13,Pepperoni,3,5,0,1,12.0,6.0,10.571428571428571
2026-05-22,8,Pepperoni,4,5,0,1,11.0,21.0,10.714285714285714
2026-05-23,33,Pepperoni,5,5,1,1,15.0,18.0,10.285714285714286
2026-05-24,12,Pepperoni,6,5,1,1,15.0,27.0,12.857142857142858
2026-05-25,15,Pepperoni,0,5,0,1,8.0,4.0,12.428571428571429
2026-05-26,10,Pepperoni,1,5,0,1,6.0,7.0,13.428571428571429
2026-05-27,11,Pepperoni,2,5,0,1,7.0,17.0,14.0
2026-05-28,6,Pepperoni,3,5,0,1,13.0,12.0,14.571428571428571
2026-05-29,15,Pepperoni,4,5,0,1,8.0,11.0,13.571428571428571
2026-05-30,6,Pepperoni,5,5,1,1,33.0,15.0,14.571428571428571
2026-05-31,14,Pepperoni,6,5,1,1,12.0,15.0,10.714285714285714
2026-06-01,6,Pepperoni,0,6,0,2,15.0,8.0,11.0
2026-06-02,3,Pepperoni,1,6,0,2,10.0,6.0,9.714285714285714
2026-06-03,2,Pepperoni,2,6,0,2,11.0,7.0,8.714285714285714
2026-06-04,8,Pepperoni,3,6,0,2,6.0,13.0,7.428571428571429
2026-06-05,10,Pepperoni,4,6,0,2,15.0,8.0,7.714285714285714
2026-06-06,28,Pepperoni,5,6,1,2,6.0,33.0,7.0
2026-06-07,8,Pepperoni,6,6,1,2,14.0,12.0,10.142857142857142
2026-06-08,7,Pepperoni,0,6,0,2,6.0,15.0,9.285714285714286
2026-06-09,14,Pepperoni,1,6,0,2,3.0,10.0,9.428571428571429
2026-06-10,8,Pepperoni,2,6,0,2,2.0,11.0,11.0
2026-06-11,9,Pepperoni,3,6,0,2,8.0,6.0,11.857142857142858
2026-06-12,9,Pepperoni,4,6,0,2,10.0,15.0,12.0
2026-06-13,26,Pepperoni,5,6,1,2,28.0,6.0,11.857142857142858
2026-06-14,8,Pepperoni,6,6,1,2,8.0,14.0,11.571428571428571
2026-06-15,10,Pepperoni,0,6,0,2,7.0,6.0,11.571428571428571
2026-06-16,6,Pepperoni,1,6,0,2,14.0,3.0,12.0
2026-06-17,12,Pepperoni,2,6,0,2,8.0,2.0,10.857142857142858
2026-06-18,13,Pepperoni,3,6,0,2,9.0,8.0,11.428571428571429
2026-06-19,9,Pepperoni,4,6,0,2,9.0,10.0,12.0
2026-06-20,20,Pepperoni,5,6,1,2,26.0,28.0,12.0
2026-06-21,11,Pepperoni,6,6,1,2,8.0,8.0,11.142857142857142
2026-06-22,11,Pepperoni,0,6,0,2,10.0,7.0,11.571428571428571
2026-06-23,7,Pepperoni,1,6,0,2,6.0,14.0,11.714285714285714
2026-06-24,13,Pepperoni,2,6,0,2,12.0,8.0,11.857142857142858
2026-06-25,10,Pepperoni,3,6,0,2,13.0,9.0,12.0
2026-06-26,13,Pepperoni,4,6,0,2,9.0,9.0,11.571428571428571
2026-06-27,11,Pepperoni,5,6,1,2,20.0,26.0,12.142857142857142
2026-06-28,13,Pepperoni,6,6,1,2,11.0,8.0,10.857142857142858
2026-06-29,6,Pepperoni,0,6,0,2,11.0,10.0,11.142857142857142
2026-06-30,8,Pepperoni,1,6,0,2,7.0,6.0,10.428571428571429
2026-07-01,8,Pepperoni,2,7,0,2,13.0,12.0,10.571428571428571
2026-07-02,10,Pepperoni,3,7,0,2,10.0,13.0,9.857142857142858
2026-07-03,19,Pepperoni,4,7,0,2,13.0,9.0,9.857142857142858
2026-07-04,35,Pepperoni,5,7,1,2,11.0,20.0,10.714285714285714
2026-07-05,14,Pepperoni,6,7,1,2,13.0,11.0,14.142857142857142
2026-07-06,8,Pepperoni,0,7,0,2,6.0,11.0,14.285714285714286
2026-07-07,17,Pepperoni,1,7,0,2,8.0,7.0,14.571428571428571
2026-07-08,6,Pepperoni,2,7,0,2,8.0,13.0,15.857142857142858
2026-04-23,0,Tiramisu,3,4,0,1,0.0,2.0,0.2857142857142857
2026-04-24,2,Tiramisu,4,4,0,1,0.0,4.0,0.2857142857142857
2026-04-25,2,Tiramisu,5,4,1,1,0.0,2.0,0.5714285714285714
2026-04-26,0,Tiramisu,6,4,1,1,0.0,2.0,0.8571428571428571
2026-04-27,0,Tiramisu,0,4,0,1,2.0,0.0,0.8571428571428571
2026-04-28,2,Tiramisu,1,4,0,1,0.0,0.0,0.5714285714285714
2026-04-29,3,Tiramisu,2,4,0,1,0.0,1.0,0.8571428571428571
2026-04-30,0,Tiramisu,3,4,0,1,0.0,0.0,1.2857142857142858
2026-05-01,2,Tiramisu,4,5,0,1,2.0,0.0,1.2857142857142858
2026-05-02,0,Tiramisu,5,5,1,1,2.0,0.0,1.2857142857142858
2026-05-03,4,Tiramisu,6,5,1,1,0.0,0.0,1.0
2026-05-04,0,Tiramisu,0,5,0,1,0.0,2.0,1.5714285714285714
2026-05-05,2,Tiramisu,1,5,0,1,2.0,0.0,1.5714285714285714
2026-05-06,0,Tiramisu,2,5,0,1,3.0,0.0,1.5714285714285714
2026-05-07,0,Tiramisu,3,5,0,1,0.0,0.0,1.1428571428571428
2026-05-08,0,Tiramisu,4,5,0,1,2.0,2.0,1.1428571428571428
2026-05-09,3,Tiramisu,5,5,1,1,0.0,2.0,0.8571428571428571
2026-05-10,0,Tiramisu,6,5,1,1,4.0,0.0,1.2857142857142858
2026-05-11,0,Tiramisu,0,5,0,1,0.0,0.0,0.7142857142857143
2026-05-12,0,Tiramisu,1,5,0,1,2.0,2.0,0.7142857142857143
2026-05-13,0,Tiramisu,2,5,0,1,0.0,3.0,0.42857142857142855
2026-05-14,0,Tiramisu,3,5,0,1,0.0,0.0,0.42857142857142855
2026-05-15,1,Tiramisu,4,5,0,1,0.0,2.0,0.42857142857142855
2026-05-16,2,Tiramisu,5,5,1,1,3.0,0.0,0.5714285714285714
2026-05-17,0,Tiramisu,6,5,1,1,0.0,4.0,0.42857142857142855
2026-05-18,0,Tiramisu,0,5,0,1,0.0,0.0,0.42857142857142855
2026-05-19,1,Tiramisu,1,5,0,1,0.0,2.0,0.42857142857142855
2026-05-20,0,Tiramisu,2,5,0,1,0.0,0.0,0.5714285714285714
2026-05-21,0,Tiramisu,3,5,0,1,0.0,0.0,0.5714285714285714
2026-05-22,3,Tiramisu,4,5,0,1,1.0,0.0,0.5714285714285714
2026-05-23,3,Tiramisu,5,5,1,1,2.0,3.0,0.8571428571428571
2026-05-24,2,Tiramisu,6,5,1,1,0.0,0.0,1.0
2026-05-25,0,Tiramisu,0,5,0,1,0.0,0.0,1.2857142857142858
2026-05-26,0,Tiramisu,1,5,0,1,1.0,0.0,1.2857142857142858
2026-05-27,1,Tiramisu,2,5,0,1,0.0,0.0,1.1428571428571428
2026-05-28,0,Tiramisu,3,5,0,1,0.0,0.0,1.2857142857142858
2026-05-29,0,Tiramisu,4,5,0,1,3.0,1.0,1.2857142857142858
2026-05-30,0,Tiramisu,5,5,1,1,3.0,2.0,0.8571428571428571
2026-05-31,0,Tiramisu,6,5,1,1,2.0,0.0,0.42857142857142855
2026-06-01,0,Tiramisu,0,6,0,2,0.0,0.0,0.14285714285714285
2026-06-02,1,Tiramisu,1,6,0,2,0.0,1.0,0.14285714285714285
2026-06-03,0,Tiramisu,2,6,0,2,1.0,0.0,0.2857142857142857
2026-06-04,0,Tiramisu,3,6,0,2,0.0,0.0,0.14285714285714285
2026-06-05,1,Tiramisu,4,6,0,2,0.0,3.0,0.14285714285714285
2026-06-06,1,Tiramisu,5,6,1,2,0.0,3.0,0.2857142857142857
2026-06-07,0,Tiramisu,6,6,1,2,0.0,2.0,0.42857142857142855
2026-06-08,0,Tiramisu,0,6,0,2,0.0,0.0,0.42857142857142855
2026-06-09,0,Tiramisu,1,6,0,2,1.0,0.0,0.42857142857142855
2026-06-10,2,Tiramisu,2,6,0,2,0.0,1.0,0.2857142857142857
2026-06-11,0,Tiramisu,3,6,0,2,0.0,0.0,0.5714285714285714
2026-06-12,1,Tiramisu,4,6,0,2,1.0,0.0,0.5714285714285714
2026-06-13,1,Tiramisu,5,6,1,2,1.0,0.0,0.5714285714285714
2026-06-14,0,Tiramisu,6,6,1,2,0.0,0.0,0.5714285714285714
2026-06-15,1,Tiramisu,0,6,0,2,0.0,0.0,0.5714285714285714
2026-06-16,2,Tiramisu,1,6,0,2,0.0,1.0,0.7142857142857143
2026-06-17,0,Tiramisu,2,6,0,2,2.0,0.0,1.0
2026-06-18,2,Tiramisu,3,6,0,2,0.0,0.0,0.7142857142857143
2026-06-19,3,Tiramisu,4,6,0,2,1.0,1.0,1.0
2026-06-20,2,Tiramisu,5,6,1,2,1.0,1.0,1.2857142857142858
2026-06-21,1,Tiramisu,6,6,1,2,0.0,0.0,1.4285714285714286
2026-06-22,0,Tiramisu,0,6,0,2,1.0,0.0,1.5714285714285714
2026-06-23,0,Tiramisu,1,6,0,2,2.0,0.0,1.4285714285714286
2026-06-24,0,Tiramisu,2,6,0,2,0.0,2.0,1.1428571428571428
2026-06-25,0,Tiramisu,3,6,0,2,2.0,0.0,1.1428571428571428
2026-06-26,0,Tiramisu,4,6,0,2,3.0,1.0,0.8571428571428571
2026-06-27,0,Tiramisu,5,6,1,2,2.0,1.0,0.42857142857142855
2026-06-28,0,Tiramisu,6,6,1,2,1.0,0.0,0.14285714285714285
2026-06-29,0,Tiramisu,0,6,0,2,0.0,1.0,0.0
2026-06-30,0,Tiramisu,1,6,0,2,0.0,2.0,0.0
2026-07-01,0,Tiramisu,2,7,0,2,0.0,0.0,0.0
2026-07-02,0,Tiramisu,3,7,0,2,0.0,2.0,0.0
2026-07-03,1,Tiramisu,4,7,0,2,0.0,3.0,0.0
2026-07-04,0,Tiramisu,5,7,1,2,0.0,2.0,0.14285714285714285
2026-07-05,1,Tiramisu,6,7,1,2,0.0,1.0,0.14285714285714285
2026-07-06,0,Tiramisu,0,7,0,2,0.0,0.0,0.2857142857142857
2026-07-07,1,Tiramisu,1,7,0,2,0.0,0.0,0.2857142857142857
2026-07-08,1,Tiramisu,2,7,0,2,0.0,0.0,0.42857142857142855
2026-04-23,4,Veggie Supreme,3,4,0,1,9.0,2.0,3.7142857142857144
2026-04-24,10,Veggie Supreme,4,4,0,1,4.0,4.0,3.0
2026-04-25,6,Veggie Supreme,5,4,1,1,3.0,9.0,3.857142857142857
2026-04-26,4,Veggie Supreme,6,4,1,1,0.0,3.0,4.285714285714286
2026-04-27,0,Veggie Supreme,0,4,0,1,5.0,4.0,4.857142857142857
2026-04-28,0,Veggie Supreme,1,4,0,1,0.0,3.0,4.142857142857143
2026-04-29,2,Veggie Supreme,2,4,0,1,5.0,6.0,4.142857142857143
2026-04-30,1,Veggie Supreme,3,4,0,1,4.0,9.0,3.7142857142857144
2026-05-01,4,Veggie Supreme,4,5,0,1,10.0,4.0,3.2857142857142856
2026-05-02,5,Veggie Supreme,5,5,1,1,6.0,3.0,2.4285714285714284
2026-05-03,0,Veggie Supreme,6,5,1,1,4.0,0.0,2.2857142857142856
2026-05-04,0,Veggie Supreme,0,5,0,1,0.0,5.0,1.7142857142857142
2026-05-05,0,Veggie Supreme,1,5,0,1,0.0,0.0,1.7142857142857142
2026-05-06,0,Veggie Supreme,2,5,0,1,2.0,5.0,1.7142857142857142
2026-05-07,2,Veggie Supreme,3,5,0,1,1.0,4.0,1.4285714285714286
2026-05-08,8,Veggie Supreme,4,5,0,1,4.0,10.0,1.5714285714285714
2026-05-09,4,Veggie Supreme,5,5,1,1,5.0,6.0,2.142857142857143
2026-05-10,5,Veggie Supreme,6,5,1,1,0.0,4.0,2.0
2026-05-11,2,Veggie Supreme,0,5,0,1,0.0,0.0,2.7142857142857144
2026-05-12,1,Veggie Supreme,1,5,0,1,0.0,0.0,3.0
2026-05-13,0,Veggie Supreme,2,5,0,1,0.0,2.0,3.142857142857143
2026-05-14,1,Veggie Supreme,3,5,0,1,2.0,1.0,3.142857142857143
2026-05-15,1,Veggie Supreme,4,5,0,1,8.0,4.0,3.0
2026-05-16,6,Veggie Supreme,5,5,1,1,4.0,5.0,2.0
2026-05-17,5,Veggie Supreme,6,5,1,1,5.0,0.0,2.2857142857142856
2026-05-18,2,Veggie Supreme,0,5,0,1,2.0,0.0,2.2857142857142856
2026-05-19,7,Veggie Supreme,1,5,0,1,1.0,0.0,2.2857142857142856
2026-05-20,4,Veggie Supreme,2,5,0,1,0.0,0.0,3.142857142857143
2026-05-21,0,Veggie Supreme,3,5,0,1,1.0,2.0,3.7142857142857144
2026-05-22,11,Veggie Supreme,4,5,0,1,1.0,8.0,3.5714285714285716
2026-05-23,1,Veggie Supreme,5,5,1,1,6.0,4.0,5.0
2026-05-24,8,Veggie Supreme,6,5,1,1,5.0,5.0,4.285714285714286
2026-05-25,2,Veggie Supreme,0,5,0,1,2.0,2.0,4.714285714285714
2026-05-26,2,Veggie Supreme,1,5,0,1,7.0,1.0,4.714285714285714
2026-05-27,0,Veggie Supreme,2,5,0,1,4.0,0.0,4.0
2026-05-28,6,Veggie Supreme,3,5,0,1,0.0,1.0,3.4285714285714284
2026-05-29,3,Veggie Supreme,4,5,0,1,11.0,1.0,4.285714285714286
2026-05-30,8,Veggie Supreme,5,5,1,1,1.0,6.0,3.142857142857143
2026-05-31,8,Veggie Supreme,6,5,1,1,8.0,5.0,4.142857142857143
2026-06-01,0,Veggie Supreme,0,6,0,2,2.0,2.0,4.142857142857143
2026-06-02,1,Veggie Supreme,1,6,0,2,2.0,7.0,3.857142857142857
2026-06-03,3,Veggie Supreme,2,6,0,2,0.0,4.0,3.7142857142857144
2026-06-04,1,Veggie Supreme,3,6,0,2,6.0,0.0,4.142857142857143
2026-06-05,5,Veggie Supreme,4,6,0,2,3.0,11.0,3.4285714285714284
2026-06-06,8,Veggie Supreme,5,6,1,2,8.0,1.0,3.7142857142857144
2026-06-07,4,Veggie Supreme,6,6,1,2,8.0,8.0,3.7142857142857144
2026-06-08,2,Veggie Supreme,0,6,0,2,0.0,2.0,3.142857142857143
2026-06-09,8,Veggie Supreme,1,6,0,2,1.0,2.0,3.4285714285714284
2026-06-10,3,Veggie Supreme,2,6,0,2,3.0,0.0,4.428571428571429
2026-06-11,2,Veggie Supreme,3,6,0,2,1.0,6.0,4.428571428571429
2026-06-12,3,Veggie Supreme,4,6,0,2,5.0,3.0,4.571428571428571
2026-06-13,2,Veggie Supreme,5,6,1,2,8.0,8.0,4.285714285714286
2026-06-14,6,Veggie Supreme,6,6,1,2,4.0,8.0,3.4285714285714284
2026-06-15,2,Veggie Supreme,0,6,0,2,2.0,0.0,3.7142857142857144
2026-06-16,2,Veggie Supreme,1,6,0,2,8.0,1.0,3.7142857142857144
2026-06-17,1,Veggie Supreme,2,6,0,2,3.0,3.0,2.857142857142857
2026-06-18,1,Veggie Supreme,3,6,0,2,2.0,1.0,2.5714285714285716
2026-06-19,0,Veggie Supreme,4,6,0,2,3.0,5.0,2.4285714285714284
2026-06-20,4,Veggie Supreme,5,6,1,2,2.0,8.0,2.0
2026-06-21,3,Veggie Supreme,6,6,1,2,6.0,4.0,2.2857142857142856
2026-06-22,2,Veggie Supreme,0,6,0,2,2.0,2.0,1.8571428571428572
2026-06-23,1,Veggie Supreme,1,6,0,2,2.0,8.0,1.8571428571428572
2026-06-24,1,Veggie Supreme,2,6,0,2,1.0,3.0,1.7142857142857142
2026-06-25,3,Veggie Supreme,3,6,0,2,1.0,2.0,1.7142857142857142
2026-06-26,6,Veggie Supreme,4,6,0,2,0.0,3.0,2.0
2026-06-27,2,Veggie Supreme,5,6,1,2,4.0,2.0,2.857142857142857
2026-06-28,5,Veggie Supreme,6,6,1,2,3.0,6.0,2.5714285714285716
2026-06-29,5,Veggie Supreme,0,6,0,2,2.0,2.0,2.857142857142857
2026-06-30,2,Veggie Supreme,1,6,0,2,1.0,2.0,3.2857142857142856
2026-07-01,7,Veggie Supreme,2,7,0,2,1.0,1.0,3.4285714285714284
2026-07-02,0,Veggie Supreme,3,7,0,2,3.0,1.0,4.285714285714286
2026-07-03,15,Veggie Supreme,4,7,0,2,6.0,0.0,3.857142857142857
2026-07-04,2,Veggie Supreme,5,7,1,2,2.0,4.0,5.142857142857143
2026-07-05,0,Veggie Supreme,6,7,1,2,5.0,3.0,5.142857142857143
2026-07-06,5,Veggie Supreme,0,7,0,2,5.0,2.0,4.428571428571429
2026-07-07,2,Veggie Supreme,1,7,0,2,2.0,1.0,4.428571428571429
2026-07-08,2,Veggie Supreme,2,7,0,2,7.0,1.0,4.428571428571429
